date;close;tradecount;close
08/04/2021 00:00;5,58722E+12;5914;55953,45
07/04/2021 00:00;5,59535E+12;2206433;57991,15
06/04/2021 00:00;5,79912E+12;1960513;59129,99
05/04/2021 00:00;5,913E+12;2035877;58202,01
04/04/2021 00:00;5,8202E+12;1499113;57051,94
03/04/2021 00:00;5,70519E+12;1606805;58950,01
02/04/2021 00:00;5,895E+12;1666356;58720,44
01/04/2021 00:00;5,87204E+12;1594431;58740,55
31/03/2021 00:00;5,87406E+12;1928224;58746,57
30/03/2021 00:00;5,87466E+12;1612744;57635,47
29/03/2021 00:00;5,76355E+12;1983437;55777,63
28/03/2021 00:00;5,57776E+12;1551283;55817,14
27/03/2021 00:00;5,58171E+12;1528776;55025,59
26/03/2021 00:00;5,50256E+12;1773150;51293,78
25/03/2021 00:00;5,12938E+12;2099425;52303,65
24/03/2021 00:00;5,23037E+12;2401988;54340,89
23/03/2021 00:00;5,43409E+12;1740349;54083,25
22/03/2021 00:00;5,40833E+12;1927345;57351,56
21/03/2021 00:00;5,73516E+12;1773546;58102,28
20/03/2021 00:00;5,81023E+12;1724131;58030,01
19/03/2021 00:00;5,803E+12;1885830;57648,16
18/03/2021 00:00;5,76482E+12;2040947;58912,97
17/03/2021 00:00;5,8913E+12;2204296;56900,75
16/03/2021 00:00;5,69008E+12;2241208;55605,2
15/03/2021 00:00;5,56052E+12;2683815;58968,31
14/03/2021 00:00;5,89683E+12;1829769;61188,39
13/03/2021 00:00;6,11884E+12;2559002;57221,72
12/03/2021 00:00;5,72217E+12;2489931;57773,16
11/03/2021 00:00;5,77732E+12;2509970;55851,59
10/03/2021 00:00;5,58516E+12;2647284;54884,5
09/03/2021 00:00;5,48845E+12;2194398;52375,17
08/03/2021 00:00;5,23752E+12;1999401;50971,75
07/03/2021 00:00;5,09718E+12;1758101;48882,2
06/03/2021 00:00;4,88822E+12;1476474;48751,71
05/03/2021 00:00;4,87517E+12;2054216;48374,09
04/03/2021 00:00;4,83741E+12;2291936;50349,37
03/03/2021 00:00;5,03494E+12;2242131;48440,65
02/03/2021 00:00;4,84407E+12;1855583;49587,03
01/03/2021 00:00;4,9587E+12;2147223;45135,66
28/02/2021 00:00;4,51357E+12;1838345;46106,43
27/02/2021 00:00;4,61064E+12;1757720;46276,87
26/02/2021 00:00;4,62769E+12;2371766;47073,73
25/02/2021 00:00;4,70737E+12;2305679;49676,2
24/02/2021 00:00;4,96762E+12;2194532;48891
23/02/2021 00:00;4,8891E+12;3825196;54087,67
22/02/2021 00:00;5,40877E+12;3313083;57408,57
21/02/2021 00:00;5,74086E+12;1950533;55841,19
20/02/2021 00:00;5,58412E+12;2642846;55906
19/02/2021 00:00;5,5906E+12;2339215;51552,6
18/02/2021 00:00;5,15526E+12;1891592;52119,71
17/02/2021 00:00;5,21197E+12;2514374;49133,45
16/02/2021 00:00;4,91335E+12;2199849;47911,1
15/02/2021 00:00;4,79111E+12;2313155;48577,79
14/02/2021 00:00;4,85778E+12;2090070;47153,69
13/02/2021 00:00;4,71537E+12;2058823;47287,6
12/02/2021 00:00;4,72876E+12;2418841;47969,51
11/02/2021 00:00;4,79695E+12;2570949;44807,58
10/02/2021 00:00;4,48076E+12;2891592;46420,42
09/02/2021 00:00;4,64204E+12;3119034;46374,87
08/02/2021 00:00;4,63749E+12;3230961;38795,69
07/02/2021 00:00;3,87957E+12;1976357;39186,94
06/02/2021 00:00;3,91869E+12;2291646;38290,24
05/02/2021 00:00;3,82902E+12;1853253;36936,66
04/02/2021 00:00;3,69367E+12;2211866;37618,87
03/02/2021 00:00;3,76189E+12;1881740;35466,24
02/02/2021 00:00;3,54662E+12;1789672;33526,37
01/02/2021 00:00;3,35264E+12;1810492;33092,98
31/01/2021 00:00;3,3093E+12;1707064;34262,88
30/01/2021 00:00;3,42629E+12;2201040;34252,2
29/01/2021 00:00;3,42522E+12;4403349;33364,86
28/01/2021 00:00;3,33649E+12;2060660;30366,15
27/01/2021 00:00;3,03662E+12;2065953;32467,77
26/01/2021 00:00;3,24678E+12;2010392;32254,2
25/01/2021 00:00;3,22542E+12;2106548;32259,9
24/01/2021 00:00;3,22599E+12;1528287;32078
23/01/2021 00:00;3,2078E+12;1700056;32945,17
22/01/2021 00:00;3,29452E+12;2707810;30850,13
21/01/2021 00:00;3,08501E+12;2820752;35468,23
20/01/2021 00:00;3,54682E+12;2234539;35891,49
19/01/2021 00:00;3,58915E+12;1939371;36631,27
18/01/2021 00:00;3,66313E+12;1707766;35828,61
17/01/2021 00:00;3,58286E+12;1860642;35994,98
16/01/2021 00:00;3,5995E+12;2066363;36742,22
15/01/2021 00:00;3,67422E+12;2560801;39144,5
14/01/2021 00:00;3,91445E+12;2297466;37371,38
13/01/2021 00:00;3,73714E+12;2514289;34051,24
12/01/2021 00:00;3,40512E+12;2674145;35404,47
11/01/2021 00:00;3,54045E+12;4431451;38150,02
10/01/2021 00:00;3,815E+12;2628050;40088,22
09/01/2021 00:00;4,00882E+12;1998156;40582,81
08/01/2021 00:00;4,05828E+12;2925632;39432,28
07/01/2021 00:00;3,94323E+12;2814686;36769,36
06/01/2021 00:00;3,67694E+12;2591783;33949,53
05/01/2021 00:00;3,39495E+12;2526851;31988,71
04/01/2021 00:00;3,19887E+12;2642408;33000,05
03/01/2021 00:00;3,30001E+12;2369698;32178,33
02/01/2021 00:00;3,21783E+12;2245922;29331,69
01/01/2021 00:00;2,93317E+12;1314910;28923,63
31/12/2020 00:00;2,89236E+12;1552793;28875,54
30/12/2020 00:00;2,88755E+12;1916095;27385
29/12/2020 00:00;2,7385E+12;1605166;27079,41
28/12/2020 00:00;2,70794E+12;1508204;26281,66
27/12/2020 00:00;2,62817E+12;2438493;26493,39
26/12/2020 00:00;2,64934E+12;1735574;24712,47
25/12/2020 00:00;2,47125E+12;1504426;23729,2
24/12/2020 00:00;2,37292E+12;1421257;23232,76
23/12/2020 00:00;2,32328E+12;2194611;23810,79
22/12/2020 00:00;2,38108E+12;1496277;22719,71
21/12/2020 00:00;2,27197E+12;1593949;23455,52
20/12/2020 00:00;2,34555E+12;1743225;23821,61
19/12/2020 00:00;2,38216E+12;1678611;23107,39
18/12/2020 00:00;2,31074E+12;1613775;22797,16
17/12/2020 00:00;2,27972E+12;2795084;21335,52
16/12/2020 00:00;2,13355E+12;1659135;19426,43
15/12/2020 00:00;1,94264E+12;1046423;19273,14
14/12/2020 00:00;1,92731E+12;842382;19174,99
13/12/2020 00:00;1,9175E+12;938022;18808,69
12/12/2020 00:00;1,88087E+12;891810;18036,53
11/12/2020 00:00;1,80365E+12;1117810;18254,63
10/12/2020 00:00;1,82546E+12;891151;18541,28
09/12/2020 00:00;1,85413E+12;1302476;18324,11
08/12/2020 00:00;1,83241E+12;1143181;19166,9
07/12/2020 00:00;1,91669E+12;840954;19359,4
06/12/2020 00:00;1,93594E+12;820382;19147,66
05/12/2020 00:00;1,91477E+12;932124;18650,52
04/12/2020 00:00;1,86505E+12;1286657;19421,9
03/12/2020 00:00;1,94219E+12;1242229;19204,09
02/12/2020 00:00;1,92041E+12;1566635;18764,96
01/12/2020 00:00;1,8765E+12;2023802;19695,87
30/11/2020 00:00;1,96959E+12;1744149;18184,99
29/11/2020 00:00;1,8185E+12;1141289;17719,85
28/11/2020 00:00;1,77199E+12;1209385;17139,52
27/11/2020 00:00;1,71395E+12;1572299;17149,47
26/11/2020 00:00;1,71495E+12;2770483;18719,11
25/11/2020 00:00;1,87191E+12;1785408;19160,01
24/11/2020 00:00;1,916E+12;2179862;18368
23/11/2020 00:00;1,8368E+12;1629379;18414,43
22/11/2020 00:00;1,84144E+12;1528524;18703,8
21/11/2020 00:00;1,87038E+12;1451352;18655,67
20/11/2020 00:00;1,86557E+12;1444692;17802,82
19/11/2020 00:00;1,78028E+12;1513304;17776,12
18/11/2020 00:00;1,77761E+12;2091832;17659,38
17/11/2020 00:00;1,76594E+12;1646652;16713,57
16/11/2020 00:00;1,67136E+12;1202386;15957
15/11/2020 00:00;1,5957E+12;854441;16070,45
14/11/2020 00:00;1,60705E+12;931424;16320,7
13/11/2020 00:00;1,63207E+12;1208773;16291,86
12/11/2020 00:00;1,62919E+12;1472049;15684,24
11/11/2020 00:00;1,56842E+12;1247167;15297,21
10/11/2020 00:00;1,52972E+12;1093466;15328,41
09/11/2020 00:00;1,53284E+12;1505441;15475,1
08/11/2020 00:00;1,54751E+12;998773;14818,3
07/11/2020 00:00;1,48183E+12;1557021;15579,92
06/11/2020 00:00;1,55799E+12;1654968;15590,02
05/11/2020 00:00;1,559E+12;1736055;14144,01
04/11/2020 00:00;1,4144E+12;1212959;14023,53
03/11/2020 00:00;1,40235E+12;1052569;13549,37
02/11/2020 00:00;1,35494E+12;869850;13761,5
01/11/2020 00:00;1,37615E+12;606248;13791
31/10/2020 00:00;1,3791E+12;1022202;13560,1
30/10/2020 00:00;1,35601E+12;1060387;13455,7
29/10/2020 00:00;1,34557E+12;1008433;13266,4
28/10/2020 00:00;1,32664E+12;1234511;13636,17
27/10/2020 00:00;1,36362E+12;1003550;13052,19
26/10/2020 00:00;1,30522E+12;818144;13028,83
25/10/2020 00:00;1,30288E+12;610498;13111,73
24/10/2020 00:00;1,31117E+12;536821;12923,07
23/10/2020 00:00;1,29231E+12;699313;12968,52
22/10/2020 00:00;1,29685E+12;1035811;12780,96
21/10/2020 00:00;1,2781E+12;1453620;11909,99
20/10/2020 00:00;1,191E+12;906111;11751,47
19/10/2020 00:00;1,17515E+12;650960;11503,14
18/10/2020 00:00;1,15031E+12;346946;11360,2
17/10/2020 00:00;1,13602E+12;365973;11319,32
16/10/2020 00:00;1,13193E+12;693210;11505,12
15/10/2020 00:00;1,15051E+12;662386;11417,89
14/10/2020 00:00;1,14179E+12;590025;11420,56
13/10/2020 00:00;1,14206E+12;618262;11528,25
12/10/2020 00:00;1,15283E+12;740823;11369,02
11/10/2020 00:00;1,1369E+12;509714;11293,22
10/10/2020 00:00;1,12932E+12;698561;11050,64
09/10/2020 00:00;1,10506E+12;635681;10925,57
08/10/2020 00:00;1,09256E+12;659291;10666,39
07/10/2020 00:00;1,06664E+12;503440;10599,66
06/10/2020 00:00;1,05997E+12;734526;10792,21
05/10/2020 00:00;1,07922E+12;483340;10666,63
04/10/2020 00:00;1,06666E+12;377553;10542,06
03/10/2020 00:00;1,05421E+12;381329;10570,4
02/10/2020 00:00;1,05704E+12;777193;10619,13
01/10/2020 00:00;1,06191E+12;794855;10776,59
30/09/2020 00:00;1,07766E+12;595383;10840,48
29/09/2020 00:00;1,08405E+12;587576;10696,12
28/09/2020 00:00;1,06961E+12;686664;10774,25
27/09/2020 00:00;1,07743E+12;516004;10728,6
26/09/2020 00:00;1,07286E+12;502670;10686,67
25/09/2020 00:00;1,06867E+12;733430;10736,32
24/09/2020 00:00;1,07363E+12;789282;10241,46
23/09/2020 00:00;1,02415E+12;774391;10529,61
22/09/2020 00:00;1,05296E+12;738576;10417,22
21/09/2020 00:00;1,04172E+12;1028531;10920,28
20/09/2020 00:00;1,09203E+12;646329;11080,65
19/09/2020 00:00;1,10807E+12;620127;10933,39
18/09/2020 00:00;1,09334E+12;717371;10939,99
17/09/2020 00:00;1,094E+12;829137;10954,01
16/09/2020 00:00;1,0954E+12;884153;10785,31
15/09/2020 00:00;1,07853E+12;893852;10671,77
14/09/2020 00:00;1,06718E+12;828957;10332,83
13/09/2020 00:00;1,03328E+12;692439;10440,92
12/09/2020 00:00;1,04409E+12;577724;10387,89
11/09/2020 00:00;1,03879E+12;637869;10336,87
10/09/2020 00:00;1,03369E+12;851877;10219,2
09/09/2020 00:00;1,02192E+12;755560;10126,65
08/09/2020 00:00;1,01267E+12;1048125;10373,44
07/09/2020 00:00;1,03734E+12;927363;10256,2
06/09/2020 00:00;1,02562E+12;1053192;10166,69
05/09/2020 00:00;1,01667E+12;1476782;10446,25
04/09/2020 00:00;1,04463E+12;1434860;10140,85
03/09/2020 00:00;1,01409E+12;1611610;11388,54
02/09/2020 00:00;1,13885E+12;1373524;11921,97
01/09/2020 00:00;1,1922E+12;1321492;11649,51
31/08/2020 00:00;1,16495E+12;822062;11711,16
30/08/2020 00:00;1,17112E+12;756541;11465,84
29/08/2020 00:00;1,14658E+12;611834;11526,91
28/08/2020 00:00;1,15269E+12;719985;11330,38
27/08/2020 00:00;1,13304E+12;959270;11461,43
26/08/2020 00:00;1,14614E+12;862654;11318,42
25/08/2020 00:00;1,13184E+12;996668;11748,2
24/08/2020 00:00;1,17482E+12;656584;11648,13
23/08/2020 00:00;1,16481E+12;627352;11662,96
22/08/2020 00:00;1,1663E+12;809328;11531,34
21/08/2020 00:00;1,15313E+12;1189668;11853,55
20/08/2020 00:00;1,18536E+12;798027;11754,59
19/08/2020 00:00;1,17546E+12;1258060;11945,01
18/08/2020 00:00;1,1945E+12;1189390;12281,13
17/08/2020 00:00;1,22811E+12;1210228;11911
16/08/2020 00:00;1,1911E+12;790240;11852,4
15/08/2020 00:00;1,18524E+12;1018956;11760,54
14/08/2020 00:00;1,17605E+12;1011746;11780
13/08/2020 00:00;1,178E+12;1243382;11564,33
12/08/2020 00:00;1,15643E+12;1104096;11392,08
11/08/2020 00:00;1,13921E+12;1343979;11892,92
10/08/2020 00:00;1,18929E+12;1340835;11681,68
09/08/2020 00:00;1,16817E+12;853386;11761,41
08/08/2020 00:00;1,17614E+12;779318;11594,23
07/08/2020 00:00;1,15942E+12;940045;11762,46
06/08/2020 00:00;1,17625E+12;919918;11744,91
05/08/2020 00:00;1,17449E+12;964637;11191,97
04/08/2020 00:00;1,1192E+12;863692;11219,81
03/08/2020 00:00;1,12198E+12;919185;11071,35
02/08/2020 00:00;1,10714E+12;1459900;11801,17
01/08/2020 00:00;1,18012E+12;1174252;11335,46
31/07/2020 00:00;1,13355E+12;971584;11099,61
30/07/2020 00:00;1,10996E+12;879960;11100,53
29/07/2020 00:00;1,11005E+12;1127302;10906,27
28/07/2020 00:00;1,09063E+12;1475636;11029,96
27/07/2020 00:00;1,103E+12;1901088;9931,54
26/07/2020 00:00;9,93154E+11;945611;9700,42
25/07/2020 00:00;9,70042E+11;675222;9537,8
24/07/2020 00:00;9,5378E+11;677725;9603,27
23/07/2020 00:00;9,60327E+11;735371;9518,16
22/07/2020 00:00;9,51816E+11;663029;9390
21/07/2020 00:00;9,39E+11;782959;9160,78
20/07/2020 00:00;9,16078E+11;557096;9208,99
19/07/2020 00:00;9,20899E+11;440449;9170,28
18/07/2020 00:00;9,17028E+11;430377;9154,32
17/07/2020 00:00;9,15432E+11;470991;9133,72
16/07/2020 00:00;9,13372E+11;681807;9197,6
15/07/2020 00:00;9,1976E+11;554780;9255,85
14/07/2020 00:00;9,25585E+11;613139;9242,62
13/07/2020 00:00;9,24262E+11;642552;9302,75
12/07/2020 00:00;9,30275E+11;484875;9234,03
11/07/2020 00:00;9,23403E+11;413452;9288,34
10/07/2020 00:00;9,28834E+11;525484;9232,43
09/07/2020 00:00;9,23243E+11;575491;9436,06
08/07/2020 00:00;9,43606E+11;652605;9257,39
07/07/2020 00:00;9,25739E+11;433481;9344,2
06/07/2020 00:00;9,3442E+11;533540;9069,41
05/07/2020 00:00;9,06941E+11;384500;9135,46
04/07/2020 00:00;9,13546E+11;335225;9058,26
03/07/2020 00:00;9,05826E+11;343189;9086,54
02/07/2020 00:00;9,08654E+11;470292;9232
01/07/2020 00:00;9,232E+11;374832;9138,55
30/06/2020 00:00;9,13855E+11;328083;9192,56
29/06/2020 00:00;9,19256E+11;434299;9116,35
28/06/2020 00:00;9,11635E+11;374404;9012
27/06/2020 00:00;9,012E+11;499415;9162,21
26/06/2020 00:00;9,16221E+11;510947;9249,49
25/06/2020 00:00;9,24949E+11;536205;9296,49
24/06/2020 00:00;9,29649E+11;572362;9624,89
23/06/2020 00:00;9,62489E+11;474319;9685,69
22/06/2020 00:00;9,68569E+11;588704;9294,69
21/06/2020 00:00;9,29469E+11;321015;9358,95
20/06/2020 00:00;9,35895E+11;382778;9310,23
19/06/2020 00:00;9,31023E+11;503484;9386,32
18/06/2020 00:00;9,38632E+11;475074;9465,14
17/06/2020 00:00;9,46514E+11;536158;9525,59
16/06/2020 00:00;9,52559E+11;543481;9426,02
15/06/2020 00:00;9,42602E+11;839521;9342,1
14/06/2020 00:00;9,3421E+11;415568;9473,34
13/06/2020 00:00;9,47334E+11;392763;9465,13
12/06/2020 00:00;9,46513E+11;553203;9280,4
11/06/2020 00:00;9,2804E+11;966502;9885
10/06/2020 00:00;9,885E+11;560909;9772,43
09/06/2020 00:00;9,77243E+11;551863;9782,01
08/06/2020 00:00;9,78201E+11;485139;9746,99
07/06/2020 00:00;9,74699E+11;637766;9666,3
06/06/2020 00:00;9,6663E+11;435796;9621,16
05/06/2020 00:00;9,62116E+11;566062;9789,06
04/06/2020 00:00;9,78906E+11;665881;9666,24
03/06/2020 00:00;9,66624E+11;562784;9518,04
02/06/2020 00:00;9,51804E+11;1004312;10200,77
01/06/2020 00:00;1,02008E+12;826964;9448,27
31/05/2020 00:00;9,44827E+11;651473;9697,72
30/05/2020 00:00;9,69772E+11;651290;9427,07
29/05/2020 00:00;9,42707E+11;593705;9575,89
28/05/2020 00:00;9,57589E+11;738725;9204,07
27/05/2020 00:00;9,20407E+11;662850;8841,18
26/05/2020 00:00;8,84118E+11;678304;8900,35
25/05/2020 00:00;8,90035E+11;733557;8720,34
24/05/2020 00:00;8,72034E+11;774088;9179,15
23/05/2020 00:00;9,17915E+11;512460;9170
22/05/2020 00:00;9,17E+11;693694;9068,65
21/05/2020 00:00;9,06865E+11;951971;9511,43
20/05/2020 00:00;9,51143E+11;731189;9775,53
19/05/2020 00:00;9,77553E+11;773581;9733,93
18/05/2020 00:00;9,73393E+11;794292;9680,04
17/05/2020 00:00;9,68004E+11;722718;9381,27
16/05/2020 00:00;9,38127E+11;692028;9316,42
15/05/2020 00:00;9,31642E+11;1055630;9791,98
14/05/2020 00:00;9,79198E+11;1199530;9309,37
13/05/2020 00:00;9,30937E+11;869216;8810,79
12/05/2020 00:00;8,81079E+11;784859;8561,52
11/05/2020 00:00;8,56152E+11;1367382;8722,77
10/05/2020 00:00;8,72277E+11;1565771;9539,4
09/05/2020 00:00;9,5394E+11;839384;9800,01
08/05/2020 00:00;9,80001E+11;967816;9986,4
07/05/2020 00:00;9,9864E+11;1254835;9142,92
06/05/2020 00:00;9,14292E+11;1007661;9021,83
05/05/2020 00:00;9,02183E+11;812543;8871,96
04/05/2020 00:00;8,87196E+11;848802;8894,16
03/05/2020 00:00;8,89416E+11;877460;8972,05
02/05/2020 00:00;8,97205E+11;637884;8826,96
01/05/2020 00:00;8,82696E+11;865960;8620
30/04/2020 00:00;8,62E+11;1661554;8778,57
29/04/2020 00:00;8,77857E+11;1433128;7738,98
28/04/2020 00:00;7,73898E+11;499414;7774,62
27/04/2020 00:00;7,77462E+11;637800;7693,1
26/04/2020 00:00;7,6931E+11;554480;7538,67
25/04/2020 00:00;7,53867E+11;521943;7505
24/04/2020 00:00;7,505E+11;601093;7482,39
23/04/2020 00:00;7,48239E+11;881099;7125,14
22/04/2020 00:00;7,12514E+11;508659;6841,37
21/04/2020 00:00;6,84137E+11;555797;6826,83
20/04/2020 00:00;6,82683E+11;785174;7120,74
19/04/2020 00:00;7,12074E+11;483574;7248,6
18/04/2020 00:00;7,2486E+11;494670;7027,55
17/04/2020 00:00;7,02755E+11;537554;7101,94
16/04/2020 00:00;7,10194E+11;971163;6621,24
15/04/2020 00:00;6,62124E+11;581374;6868,7
14/04/2020 00:00;6,8687E+11;608665;6837,91
13/04/2020 00:00;6,83791E+11;804179;6903,79
12/04/2020 00:00;6,90379E+11;648323;6876,83
11/04/2020 00:00;6,87683E+11;484618;6858,92
10/04/2020 00:00;6,85892E+11;949050;7283,54
09/04/2020 00:00;7,28354E+11;686207;7361,28
08/04/2020 00:00;7,36128E+11;750516;7197,32
07/04/2020 00:00;7,19732E+11;924436;7329,9
06/04/2020 00:00;7,3299E+11;956586;6772,78
05/04/2020 00:00;6,77278E+11;506433;6856,99
04/04/2020 00:00;6,85699E+11;659051;6734,1
03/04/2020 00:00;6,7341E+11;840456;6794,09
02/04/2020 00:00;6,79409E+11;1101043;6642,92
01/04/2020 00:00;6,64292E+11;758061;6410,44
31/03/2020 00:00;6,41044E+11;538231;6394,38
30/03/2020 00:00;6,39438E+11;784034;5881,42
29/03/2020 00:00;5,88142E+11;496709;6236,65
28/03/2020 00:00;6,23665E+11;725588;6359,11
27/03/2020 00:00;6,35911E+11;643631;6737,36
26/03/2020 00:00;6,73736E+11;668467;6677,43
25/03/2020 00:00;6,67743E+11;912179;6744,72
24/03/2020 00:00;6,74472E+11;1012669;6467,31
23/03/2020 00:00;6,46731E+11;1099406;5816,19
22/03/2020 00:00;5,81619E+11;952259;6186,98
21/03/2020 00:00;6,18698E+11;990974;6208,36
20/03/2020 00:00;6,20836E+11;1580069;6162,37
19/03/2020 00:00;6,16237E+11;1403608;5393,04
18/03/2020 00:00;5,39304E+11;962843;5312,64
17/03/2020 00:00;5,31264E+11;1069217;5028,97
16/03/2020 00:00;5,02897E+11;1608176;5361,3
15/03/2020 00:00;5,3613E+11;1037714;5172,06
14/03/2020 00:00;5,17206E+11;1106125;5578,6
13/03/2020 00:00;5,5786E+11;2309830;4800
12/03/2020 00:00;4,8E+11;1770812;7934,52
11/03/2020 00:00;7,93452E+11;699401;7894,56
10/03/2020 00:00;7,89456E+11;737528;7929,87
09/03/2020 00:00;7,92987E+11;929234;8033,31
08/03/2020 00:00;8,03331E+11;740741;8886,66
07/03/2020 00:00;8,88666E+11;485400;9131,88
06/03/2020 00:00;9,13188E+11;493216;9054,68
05/03/2020 00:00;9,05468E+11;619552;8750,87
04/03/2020 00:00;8,75087E+11;454817;8760,07
03/03/2020 00:00;8,76007E+11;512762;8915,24
02/03/2020 00:00;8,91524E+11;564535;8531,88
01/03/2020 00:00;8,53188E+11;472019;8523,61
29/02/2020 00:00;8,52361E+11;414175;8692,91
28/02/2020 00:00;8,69291E+11;655727;8823,21
27/02/2020 00:00;8,82321E+11;696646;8785,25
26/02/2020 00:00;8,78525E+11;871018;9315,84
25/02/2020 00:00;9,31584E+11;579079;9656,13
24/02/2020 00:00;9,65613E+11;589384;9936,4
23/02/2020 00:00;9,9364E+11;441935;9650,86
22/02/2020 00:00;9,65086E+11;319961;9677,05
21/02/2020 00:00;9,67705E+11;470599;9596,42
20/02/2020 00:00;9,59642E+11;667387;9593,79
19/02/2020 00:00;9,59379E+11;588760;10164,71
18/02/2020 00:00;1,01647E+12;723413;9706
17/02/2020 00:00;9,706E+11;778058;9917,27
16/02/2020 00:00;9,91727E+11;708070;9904,72
15/02/2020 00:00;9,90472E+11;739781;10344,36
14/02/2020 00:00;1,03444E+12;622310;10229,63
13/02/2020 00:00;1,02296E+12;932802;10326,46
12/02/2020 00:00;1,03265E+12;857655;10223,08
11/02/2020 00:00;1,02231E+12;710170;9851,83
10/02/2020 00:00;9,85183E+11;690308;10151,75
09/02/2020 00:00;1,01518E+12;536848;9895,05
08/02/2020 00:00;9,89505E+11;514573;9813,73
07/02/2020 00:00;9,81373E+11;582249;9772
06/02/2020 00:00;9,772E+11;682179;9612,04
05/02/2020 00:00;9,61204E+11;661758;9197,02
04/02/2020 00:00;9,19702E+11;528930;9292,24
03/02/2020 00:00;9,29224E+11;492124;9331,51
02/02/2020 00:00;9,33151E+11;446558;9384,61
01/02/2020 00:00;9,38461E+11;334972;9352,89
31/01/2020 00:00;9,35289E+11;428547;9513,21
30/01/2020 00:00;9,51321E+11;529570;9301,53
29/01/2020 00:00;9,30153E+11;492545;9374,21
28/01/2020 00:00;9,37421E+11;616678;8907,57
27/01/2020 00:00;8,90757E+11;514196;8615
26/01/2020 00:00;8,615E+11;332612;8340,58
25/01/2020 00:00;8,34058E+11;283118;8439
24/01/2020 00:00;8,439E+11;407271;8404,52
23/01/2020 00:00;8,40452E+11;464805;8682,36
22/01/2020 00:00;8,68236E+11;317424;8736,03
21/01/2020 00:00;8,73603E+11;365621;8642,35
20/01/2020 00:00;8,64235E+11;385006;8701,7
19/01/2020 00:00;8,7017E+11;615665;8915,96
18/01/2020 00:00;8,91596E+11;458182;8913,28
17/01/2020 00:00;8,91328E+11;676403;8720,01
16/01/2020 00:00;8,72001E+11;543064;8821,41
15/01/2020 00:00;8,82141E+11;764048;8810,01
14/01/2020 00:00;8,81001E+11;915328;8110,34
13/01/2020 00:00;8,11034E+11;289144;8184,98
12/01/2020 00:00;8,18498E+11;350662;8020,01
11/01/2020 00:00;8,02001E+11;469131;8197,02
10/01/2020 00:00;8,19702E+11;606101;7817,76
09/01/2020 00:00;7,81776E+11;478800;8055,98
08/01/2020 00:00;8,05598E+11;830375;8145,28
07/01/2020 00:00;8,14528E+11;685315;7758
06/01/2020 00:00;7,758E+11;449937;7358,75
05/01/2020 00:00;7,35875E+11;329209;7354,11
04/01/2020 00:00;7,35411E+11;279370;7344,96
03/01/2020 00:00;7,34496E+11;519854;6965,71
02/01/2020 00:00;6,96571E+11;302667;7200,85
01/01/2020 00:00;7,20085E+11;194010;7195,23
31/12/2019 00:00;7,19523E+11;251976;7246
30/12/2019 00:00;7,246E+11;279033;7388,24
29/12/2019 00:00;7,38824E+11;283213;7316,14
28/12/2019 00:00;7,31614E+11;272607;7254,74
27/12/2019 00:00;7,25474E+11;297262;7202
26/12/2019 00:00;7,202E+11;337695;7204,63
25/12/2019 00:00;7,20463E+11;289924;7255,77
24/12/2019 00:00;7,25577E+11;384678;7317,09
23/12/2019 00:00;7,31709E+11;530669;7501,44
22/12/2019 00:00;7,50144E+11;356612;7132,75
21/12/2019 00:00;7,13275E+11;212162;7187,83
20/12/2019 00:00;7,18783E+11;312766;7150,3
19/12/2019 00:00;7,1503E+11;439761;7277,83
18/12/2019 00:00;7,27783E+11;714073;6623,82
17/12/2019 00:00;6,62382E+11;454097;6891,72
16/12/2019 00:00;6,89172E+11;371202;7118,59
15/12/2019 00:00;7,11859E+11;262651;7064,05
14/12/2019 00:00;7,06405E+11;276819;7258,48
13/12/2019 00:00;7,25848E+11;252135;7198,08
12/12/2019 00:00;7,19808E+11;331414;7210
11/12/2019 00:00;7,21E+11;268269;7224,13
10/12/2019 00:00;7,22413E+11;439637;7338,64
09/12/2019 00:00;7,33864E+11;359648;7510,11
08/12/2019 00:00;7,51011E+11;257514;7488,21
07/12/2019 00:00;7,48821E+11;263592;7527,47
06/12/2019 00:00;7,52747E+11;367854;7389
05/12/2019 00:00;7,389E+11;430359;7194,32
04/12/2019 00:00;7,19432E+11;516158;7292,71
03/12/2019 00:00;7,29271E+11;265391;7294,28
02/12/2019 00:00;7,29428E+11;326881;7390,89
01/12/2019 00:00;7,39089E+11;420573;7541,89
30/11/2019 00:00;7,54189E+11;346506;7739,68
29/11/2019 00:00;7,73968E+11;412929;7419,49
28/11/2019 00:00;7,41949E+11;388953;7508,52
27/11/2019 00:00;7,50852E+11;582055;7156,14
26/11/2019 00:00;7,15614E+11;433933;7109,57
25/11/2019 00:00;7,10957E+11;679721;6903,28
24/11/2019 00:00;6,90328E+11;446014;7311,57
23/11/2019 00:00;7,31157E+11;414045;7268,23
22/11/2019 00:00;7,26823E+11;817604;7627,74
21/11/2019 00:00;7,62774E+11;430062;8098,01
20/11/2019 00:00;8,09801E+11;288843;8133,64
19/11/2019 00:00;8,13364E+11;357382;8187,17
18/11/2019 00:00;8,18717E+11;366263;8502,4
17/11/2019 00:00;8,5024E+11;259594;8491,02
16/11/2019 00:00;8,49102E+11;231473;8471,73
15/11/2019 00:00;8,47173E+11;423919;8646,68
14/11/2019 00:00;8,64668E+11;337019;8777,12
13/11/2019 00:00;8,77712E+11;281593;8821,94
12/11/2019 00:00;8,82194E+11;406765;8733,27
11/11/2019 00:00;8,73327E+11;415982;9039,47
10/11/2019 00:00;9,03947E+11;375946;8809,41
09/11/2019 00:00;8,80941E+11;326730;8773,73
08/11/2019 00:00;8,77373E+11;567331;9216,2
07/11/2019 00:00;9,2162E+11;401984;9339,05
06/11/2019 00:00;9,33905E+11;402997;9308,66
05/11/2019 00:00;9,30866E+11;492885;9393,35
04/11/2019 00:00;9,39335E+11;453749;9194,71
03/11/2019 00:00;9,19471E+11;326024;9289,52
02/11/2019 00:00;9,28952E+11;325421;9231,61
01/11/2019 00:00;9,23161E+11;478002;9140,85
31/10/2019 00:00;9,14085E+11;490183;9154,72
30/10/2019 00:00;9,15472E+11;524035;9407,62
29/10/2019 00:00;9,40762E+11;559589;9205,14
28/10/2019 00:00;9,20514E+11;681128;9529,93
27/10/2019 00:00;9,52993E+11;799978;9230
26/10/2019 00:00;9,23E+11;1185369;8655,02
25/10/2019 00:00;8,65502E+11;775418;7412,41
24/10/2019 00:00;7,41241E+11;403778;7466,62
23/10/2019 00:00;7,46662E+11;610241;8020
22/10/2019 00:00;8,02E+11;384699;8197,27
21/10/2019 00:00;8,19727E+11;367169;8223,35
20/10/2019 00:00;8,22335E+11;396091;7948,01
19/10/2019 00:00;7,94801E+11;349746;7947,01
18/10/2019 00:00;7,94701E+11;399783;8070,58
17/10/2019 00:00;8,07058E+11;356490;7991,74
16/10/2019 00:00;7,99174E+11;421026;8159,29
15/10/2019 00:00;8,15929E+11;399447;8348,2
14/10/2019 00:00;8,3482E+11;345679;8275,01
13/10/2019 00:00;8,27501E+11;320051;8300,09
12/10/2019 00:00;8,30009E+11;280633;8258,5
11/10/2019 00:00;8,2585E+11;471818;8558,03
10/10/2019 00:00;8,55803E+11;406932;8560,74
09/10/2019 00:00;8,56074E+11;537805;8168,39
08/10/2019 00:00;8,16839E+11;395685;8190,09
07/10/2019 00:00;8,19009E+11;482605;7854,25
06/10/2019 00:00;7,85425E+11;325795;8126,19
05/10/2019 00:00;8,12619E+11;237769;8137,13
04/10/2019 00:00;8,13713E+11;259012;8223,96
03/10/2019 00:00;8,22396E+11;281307;8359,94
02/10/2019 00:00;8,35994E+11;261430;8292,44
01/10/2019 00:00;8,29244E+11;387653;8289,34
30/09/2019 00:00;8,28934E+11;455556;8043,82
29/09/2019 00:00;8,04382E+11;322501;8198,81
28/09/2019 00:00;8,19881E+11;319113;8177,91
27/09/2019 00:00;8,17791E+11;369518;8063,73
26/09/2019 00:00;8,06373E+11;522062;8430,05
25/09/2019 00:00;8,43005E+11;544806;8493,14
24/09/2019 00:00;8,49314E+11;748712;9702,25
23/09/2019 00:00;9,70225E+11;332817;10028,87
22/09/2019 00:00;1,00289E+12;253713;9986,39
21/09/2019 00:00;9,98639E+11;245439;10168,59
20/09/2019 00:00;1,01686E+12;267032;10244,29
19/09/2019 00:00;1,02443E+12;429727;10156,99
18/09/2019 00:00;1,0157E+12;299466;10187,82
17/09/2019 00:00;1,01878E+12;287483;10251,31
16/09/2019 00:00;1,02513E+12;274368;10302,01
15/09/2019 00:00;1,0302E+12;194733;10335,02
14/09/2019 00:00;1,0335E+12;253929;10342,06
13/09/2019 00:00;1,03421E+12;304947;10415,01
12/09/2019 00:00;1,0415E+12;317881;10158,33
11/09/2019 00:00;1,01583E+12;309120;10098,15
10/09/2019 00:00;1,00982E+12;286763;10303,12
09/09/2019 00:00;1,03031E+12;330459;10381,18
08/09/2019 00:00;1,03812E+12;237752;10455,88
07/09/2019 00:00;1,04559E+12;272011;10298,73
06/09/2019 00:00;1,02987E+12;455334;10564,49
05/09/2019 00:00;1,05645E+12;309846;10567,02
04/09/2019 00:00;1,0567E+12;383457;10615,28
03/09/2019 00:00;1,06153E+12;416076;10340
02/09/2019 00:00;1,034E+12;354155;9724,98
01/09/2019 00:00;9,72498E+11;191324;9587,47
31/08/2019 00:00;9,58747E+11;199188;9584,54
30/08/2019 00:00;9,58454E+11;259270;9498,44
29/08/2019 00:00;9,49844E+11;343887;9721
28/08/2019 00:00;9,721E+11;381293;10185,05
27/08/2019 00:00;1,01851E+12;292888;10372,25
26/08/2019 00:00;1,03723E+12;405316;10142,69
25/08/2019 00:00;1,01427E+12;289956;10134,35
24/08/2019 00:00;1,01344E+12;313227;10389,55
23/08/2019 00:00;1,03896E+12;326866;10099,88
22/08/2019 00:00;1,00999E+12;401148;10142,57
21/08/2019 00:00;1,01426E+12;458814;10760,51
20/08/2019 00:00;1,07605E+12;305065;10915,54
19/08/2019 00:00;1,09155E+12;337022;10306,78
18/08/2019 00:00;1,03068E+12;265705;10216,02
17/08/2019 00:00;1,0216E+12;332795;10331,54
16/08/2019 00:00;1,03315E+12;504740;10293,93
15/08/2019 00:00;1,02939E+12;373368;10050,37
14/08/2019 00:00;1,00504E+12;534507;10892,71
13/08/2019 00:00;1,08927E+12;337834;11396,08
12/08/2019 00:00;1,13961E+12;255966;11549,97
11/08/2019 00:00;1,155E+12;306234;11309,31
10/08/2019 00:00;1,13093E+12;399237;11879,99
09/08/2019 00:00;1,188E+12;410902;11999,77
08/08/2019 00:00;1,19998E+12;473584;11975,03
07/08/2019 00:00;1,1975E+12;592916;11481,69
06/08/2019 00:00;1,14817E+12;625827;11828,8
05/08/2019 00:00;1,18288E+12;622610;10929,23
04/08/2019 00:00;1,09292E+12;353721;10816,86
03/08/2019 00:00;1,08169E+12;348893;10523,75
02/08/2019 00:00;1,05238E+12;431322;10374,99
01/08/2019 00:00;1,0375E+12;378062;10080,53
31/07/2019 00:00;1,00805E+12;364212;9574,21
30/07/2019 00:00;9,57421E+11;283961;9507,64
29/07/2019 00:00;9,50764E+11;294468;9541,54
28/07/2019 00:00;9,54154E+11;271327;9476,52
27/07/2019 00:00;9,47652E+11;401418;9824
26/07/2019 00:00;9,824E+11;299935;9879,87
25/07/2019 00:00;9,87987E+11;368176;9763,28
24/07/2019 00:00;9,76328E+11;424762;9864,91
23/07/2019 00:00;9,86491E+11;448147;10340,31
22/07/2019 00:00;1,03403E+12;389565;10589,45
21/07/2019 00:00;1,05895E+12;395452;10740,23
20/07/2019 00:00;1,07402E+12;461660;10504,29
19/07/2019 00:00;1,05043E+12;567735;10627,16
18/07/2019 00:00;1,06272E+12;734821;9667,92
17/07/2019 00:00;9,66792E+11;757742;9439,59
16/07/2019 00:00;9,43959E+11;796646;10838,72
15/07/2019 00:00;1,08387E+12;732206;10174,18
14/07/2019 00:00;1,01742E+12;649043;11355,76
13/07/2019 00:00;1,13558E+12;510305;11757,22
12/07/2019 00:00;1,17572E+12;537561;11342,89
11/07/2019 00:00;1,13429E+12;760057;12108,37
10/07/2019 00:00;1,21084E+12;899391;12543,41
09/07/2019 00:00;1,25434E+12;660273;12238,6
08/07/2019 00:00;1,22386E+12;507860;11406,24
07/07/2019 00:00;1,14062E+12;366769;11256,49
06/07/2019 00:00;1,12565E+12;470692;10970,73
05/07/2019 00:00;1,09707E+12;564857;11145,67
04/07/2019 00:00;1,11457E+12;643867;11940
03/07/2019 00:00;1,194E+12;814754;10842,85
02/07/2019 00:00;1,08429E+12;870148;10624,93
01/07/2019 00:00;1,06249E+12;757458;10854,1
30/06/2019 00:00;1,08541E+12;711267;11903,13
29/06/2019 00:00;1,19031E+12;732073;12400,63
28/06/2019 00:00;1,24006E+12;883116;11329,99
27/06/2019 00:00;1,133E+12;1357233;13093,8
26/06/2019 00:00;1,30938E+12;1355074;11820,86
25/06/2019 00:00;1,18209E+12;597798;11056,59
24/06/2019 00:00;1,10566E+12;440335;10906,07
23/06/2019 00:00;1,09061E+12;557935;10729,5
22/06/2019 00:00;1,07295E+12;923334;10159,86
21/06/2019 00:00;1,01599E+12;474344;9517,12
20/06/2019 00:00;9,51712E+11;350662;9255,49
19/06/2019 00:00;9,25549E+11;306202;9081,55
18/06/2019 00:00;9,08155E+11;449730;9313,96
17/06/2019 00:00;9,31396E+11;462160;8953,33
16/06/2019 00:00;8,95333E+11;552319;8808,7
15/06/2019 00:00;8,8087E+11;335840;8650
14/06/2019 00:00;8,65E+11;410072;8218,54
13/06/2019 00:00;8,21854E+11;341246;8127,64
12/06/2019 00:00;8,12764E+11;361980;7884,9
11/06/2019 00:00;7,8849E+11;309059;7982,75
10/06/2019 00:00;7,98275E+11;387179;7628,13
09/06/2019 00:00;7,62813E+11;322175;7893,62
08/06/2019 00:00;7,89362E+11;250864;7980,53
07/06/2019 00:00;7,98053E+11;323096;7786,7
06/06/2019 00:00;7,7867E+11;371485;7776,5
05/06/2019 00:00;7,7765E+11;426120;7687,03
04/06/2019 00:00;7,68703E+11;645913;8115,82
03/06/2019 00:00;8,11582E+11;431252;8725,98
02/06/2019 00:00;8,72598E+11;299353;8544,07
01/06/2019 00:00;8,54407E+11;348375;8555
31/05/2019 00:00;8,555E+11;416525;8269,54
30/05/2019 00:00;8,26954E+11;617341;8645,68
29/05/2019 00:00;8,64568E+11;352317;8715,64
28/05/2019 00:00;8,71564E+11;349123;8756,32
27/05/2019 00:00;8,75632E+11;478773;8614,43
26/05/2019 00:00;8,61443E+11;377306;8025,41
25/05/2019 00:00;8,02541E+11;264448;7964,87
24/05/2019 00:00;7,96487E+11;428676;7851,51
23/05/2019 00:00;7,85151E+11;449220;7628,43
22/05/2019 00:00;7,62843E+11;461337;7904,87
21/05/2019 00:00;7,90487E+11;554038;7938,15
20/05/2019 00:00;7,93815E+11;610360;8148,48
19/05/2019 00:00;8,14848E+11;583432;7257,45
18/05/2019 00:00;7,25745E+11;379504;7355,26
17/05/2019 00:00;7,35526E+11;803893;7866,59
16/05/2019 00:00;7,86659E+11;666538;8169,87
15/05/2019 00:00;8,16987E+11;347533;7947,56
14/05/2019 00:00;7,94756E+11;655426;7790,71
13/05/2019 00:00;7,79071E+11;588497;6967,31
12/05/2019 00:00;6,96731E+11;647345;7076,22
11/05/2019 00:00;7,07622E+11;562540;6373,33
10/05/2019 00:00;6,37333E+11;283074;6209,18
09/05/2019 00:00;6,20918E+11;227841;5987,29
08/05/2019 00:00;5,98729E+11;190966;5846,34
07/05/2019 00:00;5,84634E+11;301388;5747,79
06/05/2019 00:00;5,74779E+11;230431;5775,62
05/05/2019 00:00;5,77562E+11;185365;5829,45
04/05/2019 00:00;5,82945E+11;283145;5772,69
03/05/2019 00:00;5,77269E+11;338298;5492,87
02/05/2019 00:00;5,49287E+11;181896;5383,2
01/05/2019 00:00;5,3832E+11;161488;5320,81
30/04/2019 00:00;5,32081E+11;180989;5238,14
29/04/2019 00:00;5,23814E+11;178472;5307,52
28/04/2019 00:00;5,30752E+11;127730;5295,69
27/04/2019 00:00;5,29569E+11;145733;5314,1
26/04/2019 00:00;5,3141E+11;333183;5219,9
25/04/2019 00:00;5,2199E+11;331089;5415
24/04/2019 00:00;5,415E+11;339599;5493,31
23/04/2019 00:00;5,49331E+11;282563;5357,14
22/04/2019 00:00;5,35714E+11;210361;5256,14
21/04/2019 00:00;5,25614E+11;210494;5291,73
20/04/2019 00:00;5,29173E+11;157080;5258,68
19/04/2019 00:00;5,25868E+11;178148;5258,44
18/04/2019 00:00;5,25844E+11;167110;5202,82
17/04/2019 00:00;5,20282E+11;179490;5173,72
16/04/2019 00:00;5,17372E+11;168550;5024,95
15/04/2019 00:00;5,02495E+11;204944;5131,3
14/04/2019 00:00;5,1313E+11;131700;5045,22
13/04/2019 00:00;5,04522E+11;138674;5048,01
12/04/2019 00:00;5,04801E+11;226036;5017,37
11/04/2019 00:00;5,01737E+11;369304;5308,25
10/04/2019 00:00;5,30825E+11;260967;5150
09/04/2019 00:00;5,15E+11;253381;5236,9
08/04/2019 00:00;5,2369E+11;350828;5170,27
07/04/2019 00:00;5,17027E+11;274084;5043,89
06/04/2019 00:00;5,04389E+11;281237;5004,95
05/04/2019 00:00;5,00495E+11;292375;4898,66
04/04/2019 00:00;4,89866E+11;419141;4932,6
03/04/2019 00:00;4,9326E+11;692019;4857,29
02/04/2019 00:00;4,85729E+11;609133;4144,56
01/04/2019 00:00;4,14456E+11;184268;4103,95
31/03/2019 00:00;4,10395E+11;124046;4106,97
30/03/2019 00:00;4,10697E+11;162463;4103,25
29/03/2019 00:00;4,10325E+11;203826;4027,81
28/03/2019 00:00;4,02781E+11;157060;4038,05
27/03/2019 00:00;4,03805E+11;224309;3948,55
26/03/2019 00:00;3,94855E+11;192418;3936,12
25/03/2019 00:00;3,93612E+11;227739;3992,18
24/03/2019 00:00;3,99218E+11;131087;4006,01
23/03/2019 00:00;4,00601E+11;143155;3986,93
22/03/2019 00:00;3,98693E+11;153703;3980,64
21/03/2019 00:00;3,98064E+11;236100;4043,04
20/03/2019 00:00;4,04304E+11;175036;4015,53
19/03/2019 00:00;4,01553E+11;147394;3987,81
18/03/2019 00:00;3,98781E+11;157876;3981,14
17/03/2019 00:00;3,98114E+11;146953;4005,98
16/03/2019 00:00;4,00598E+11;216198;3923,76
15/03/2019 00:00;3,92376E+11;163866;3877,12
14/03/2019 00:00;3,87712E+11;196651;3866
13/03/2019 00:00;3,866E+11;186572;3882,73
12/03/2019 00:00;3,88273E+11;182885;3871,61
11/03/2019 00:00;3,87161E+11;209916;3916,82
10/03/2019 00:00;3,91682E+11;167920;3943,04
09/03/2019 00:00;3,94304E+11;206869;3864,89
08/03/2019 00:00;3,86489E+11;211534;3873,64
07/03/2019 00:00;3,87364E+11;180520;3861,84
06/03/2019 00:00;3,86184E+11;165101;3857,73
05/03/2019 00:00;3,85773E+11;202444;3715,3
04/03/2019 00:00;3,7153E+11;218615;3807,75
03/03/2019 00:00;3,80775E+11;127681;3819,93
02/03/2019 00:00;3,81993E+11;149854;3823
01/03/2019 00:00;3,823E+11;179860;3813,69
28/02/2019 00:00;3,81369E+11;233849;3818,07
27/02/2019 00:00;3,81807E+11;201626;3809,23
26/02/2019 00:00;3,80923E+11;213897;3827,92
25/02/2019 00:00;3,82792E+11;262716;3743,56
24/02/2019 00:00;3,74356E+11;410578;4117,76
23/02/2019 00:00;4,11776E+11;231563;3962
22/02/2019 00:00;3,962E+11;179588;3937,31
21/02/2019 00:00;3,93731E+11;209571;3969,74
20/02/2019 00:00;3,96974E+11;250176;3907,79
19/02/2019 00:00;3,90779E+11;332281;3898,6
18/02/2019 00:00;3,8986E+11;393515;3667,58
17/02/2019 00:00;3,66758E+11;179511;3618,41
16/02/2019 00:00;3,61841E+11;149393;3602,47
15/02/2019 00:00;3,60247E+11;151256;3590,56
14/02/2019 00:00;3,59056E+11;155215;3609,4
13/02/2019 00:00;3,6094E+11;167690;3631,46
12/02/2019 00:00;3,63146E+11;198996;3631,05
11/02/2019 00:00;3,63105E+11;172626;3680,06
10/02/2019 00:00;3,68006E+11;171099;3665,18
09/02/2019 00:00;3,66518E+11;192209;3659,04
08/02/2019 00:00;3,65904E+11;277242;3398,4
07/02/2019 00:00;3,3984E+11;148209;3405,37
06/02/2019 00:00;3,40537E+11;207024;3471,59
05/02/2019 00:00;3,47159E+11;162066;3463,22
04/02/2019 00:00;3,46322E+11;155686;3458,11
03/02/2019 00:00;3,45811E+11;138592;3504,77
02/02/2019 00:00;3,50477E+11;153234;3462,07
01/02/2019 00:00;3,46207E+11;167520;3434,1
31/01/2019 00:00;3,4341E+11;198100;3458,18
30/01/2019 00:00;3,45818E+11;180820;3411,04
29/01/2019 00:00;3,41104E+11;189650;3434,15
28/01/2019 00:00;3,43415E+11;260799;3550,84
27/01/2019 00:00;3,55084E+11;163855;3565,25
26/01/2019 00:00;3,56525E+11;135369;3565,29
25/01/2019 00:00;3,56529E+11;153413;3569,62
24/01/2019 00:00;3,56962E+11;162159;3552,82
23/01/2019 00:00;3,55282E+11;192892;3570,93
22/01/2019 00:00;3,57093E+11;195484;3526,9
21/01/2019 00:00;3,5269E+11;160825;3539,28
20/01/2019 00:00;3,53928E+11;204941;3665,3
19/01/2019 00:00;3,6653E+11;175054;3594,87
18/01/2019 00:00;3,59487E+11;177567;3616,21
17/01/2019 00:00;3,61621E+11;217797;3591,84
16/01/2019 00:00;3,59184E+11;205159;3553,06
15/01/2019 00:00;3,55306E+11;231684;3626,09
14/01/2019 00:00;3,62609E+11;229452;3476,81
13/01/2019 00:00;3,47681E+11;183113;3583,13
12/01/2019 00:00;3,58313E+11;175679;3601,31
11/01/2019 00:00;3,60131E+11;264996;3585,88
10/01/2019 00:00;3,58588E+11;374760;3966,65
09/01/2019 00:00;3,96665E+11;209240;3955,13
08/01/2019 00:00;3,95513E+11;242898;3975,45
07/01/2019 00:00;3,97545E+11;221219;3987,6
06/01/2019 00:00;3,9876E+11;240496;3770,96
05/01/2019 00:00;3,77096E+11;203673;3792,01
04/01/2019 00:00;3,79201E+11;192232;3766,78
03/01/2019 00:00;3,76678E+11;199812;3858,56
02/01/2019 00:00;3,85856E+11;218538;3797,14
01/01/2019 00:00;3,79714E+11;154227;3702,9
31/12/2018 00:00;3,7029E+11;190308;3801,91
30/12/2018 00:00;3,80191E+11;218929;3695,32
29/12/2018 00:00;3,69532E+11;244844;3839,26
28/12/2018 00:00;3,83926E+11;251040;3567,91
27/12/2018 00:00;3,56791E+11;262733;3777,74
26/12/2018 00:00;3,77774E+11;267746;3745,79
25/12/2018 00:00;3,74579E+11;356377;4008,01
24/12/2018 00:00;4,00801E+11;400403;3929,71
23/12/2018 00:00;3,92971E+11;258417;3948,91
22/12/2018 00:00;3,94891E+11;249148;3838,66
21/12/2018 00:00;3,83866E+11;436187;4049,62
20/12/2018 00:00;4,04962E+11;500506;3662,22
19/12/2018 00:00;3,66222E+11;434026;3652,98
18/12/2018 00:00;3,65298E+11;296433;3509,08
17/12/2018 00:00;3,50908E+11;283814;3228,67
16/12/2018 00:00;3,22867E+11;125565;3211,72
15/12/2018 00:00;3,21172E+11;139806;3224,17
14/12/2018 00:00;3,22417E+11;184525;3302,06
13/12/2018 00:00;3,30206E+11;160471;3445
12/12/2018 00:00;3,445E+11;152067;3380,39
11/12/2018 00:00;3,38039E+11;162266;3432,88
10/12/2018 00:00;3,43288E+11;192599;3545,37
09/12/2018 00:00;3,54537E+11;194567;3410,93
08/12/2018 00:00;3,41093E+11;253650;3403,55
07/12/2018 00:00;3,40355E+11;413521;3508,75
06/12/2018 00:00;3,50875E+11;293512;3769,84
05/12/2018 00:00;3,76984E+11;199011;3951,64
04/12/2018 00:00;3,95164E+11;220815;3884,01
03/12/2018 00:00;3,88401E+11;207134;4161,01
02/12/2018 00:00;4,16101E+11;178087;4190,02
01/12/2018 00:00;4,19002E+11;205472;4041,32
30/11/2018 00:00;4,04132E+11;288098;4295,84
29/11/2018 00:00;4,29584E+11;316601;4264,85
28/11/2018 00:00;4,26485E+11;386714;3875,21
27/11/2018 00:00;3,87521E+11;288731;3862,2
26/11/2018 00:00;3,8622E+11;413329;4085,78
25/11/2018 00:00;4,08578E+11;428171;3932,44
24/11/2018 00:00;3,93244E+11;275070;4420,61
23/11/2018 00:00;4,42061E+11;227935;4370
22/11/2018 00:00;4,37E+11;180335;4661,07
21/11/2018 00:00;4,66107E+11;301920;4558,86
20/11/2018 00:00;4,55886E+11;596769;4910,03
19/11/2018 00:00;4,91003E+11;378495;5662
18/11/2018 00:00;5,662E+11;154817;5628,29
17/11/2018 00:00;5,62829E+11;171403;5655,94
16/11/2018 00:00;5,65594E+11;221493;5753,4
15/11/2018 00:00;5,7534E+11;303825;5922,41
14/11/2018 00:00;5,92241E+11;319011;6457,66
13/11/2018 00:00;6,45766E+11;150940;6453,07
12/11/2018 00:00;6,45307E+11;123144;6449,81
11/11/2018 00:00;6,44981E+11;98435;6433,05
10/11/2018 00:00;6,43305E+11;97746;6419,99
09/11/2018 00:00;6,41999E+11;117043;6479,84
08/11/2018 00:00;6,47984E+11;145405;6578,46
07/11/2018 00:00;6,57846E+11;151060;6519,11
06/11/2018 00:00;6,51911E+11;150475;6468,99
05/11/2018 00:00;6,46899E+11;114235;6485,85
04/11/2018 00:00;6,48585E+11;126200;6387,09
03/11/2018 00:00;6,38709E+11;83836;6433,98
02/11/2018 00:00;6,43398E+11;109482;6410
01/11/2018 00:00;6,41E+11;89601;6371,93
31/10/2018 00:00;6,37193E+11;111552;6330,87
30/10/2018 00:00;6,33087E+11;95116;6344,5
29/10/2018 00:00;6,3445E+11;135586;6489,93
28/10/2018 00:00;6,48993E+11;71647;6505,6
27/10/2018 00:00;6,5056E+11;86848;6538,63
26/10/2018 00:00;6,53863E+11;77985;6528,09
25/10/2018 00:00;6,52809E+11;75563;6565,5
24/10/2018 00:00;6,5655E+11;90762;6553,51
23/10/2018 00:00;6,55351E+11;86938;6581,2
22/10/2018 00:00;6,5812E+11;101673;6590,11
21/10/2018 00:00;6,59011E+11;68018;6588,4
20/10/2018 00:00;6,5884E+11;110809;6528,88
19/10/2018 00:00;6,52888E+11;112337;6618,96
18/10/2018 00:00;6,61896E+11;138002;6740,89
17/10/2018 00:00;6,74089E+11;158746;6759,27
16/10/2018 00:00;6,75927E+11;175075;6752,5
15/10/2018 00:00;6,7525E+11;456913;6339,34
14/10/2018 00:00;6,33934E+11;96113;6332,93
13/10/2018 00:00;6,33293E+11;108981;6298,01
12/10/2018 00:00;6,29801E+11;148077;6252,68
11/10/2018 00:00;6,25268E+11;253224;6631
10/10/2018 00:00;6,631E+11;99789;6656,61
09/10/2018 00:00;6,65661E+11;101956;6673,01
08/10/2018 00:00;6,67301E+11;135156;6615,26
07/10/2018 00:00;6,61526E+11;82844;6594,27
06/10/2018 00:00;6,59427E+11;62065;6635,65
05/10/2018 00:00;6,63565E+11;86701;6593,79
04/10/2018 00:00;6,59379E+11;96824;6510
03/10/2018 00:00;6,51E+11;150607;6525,79
02/10/2018 00:00;6,52579E+11;147274;6611,61
01/10/2018 00:00;6,61161E+11;129733;6626,57
30/09/2018 00:00;6,62657E+11;153447;6596,38
29/09/2018 00:00;6,59638E+11;171027;6634,58
28/09/2018 00:00;6,63458E+11;211849;6689,13
27/09/2018 00:00;6,68913E+11;182590;6465,12
26/09/2018 00:00;6,46512E+11;184238;6447,54
25/09/2018 00:00;6,44754E+11;219965;6581,39
24/09/2018 00:00;6,58139E+11;185297;6708
23/09/2018 00:00;6,708E+11;168354;6723,05
22/09/2018 00:00;6,72305E+11;145720;6759,02
21/09/2018 00:00;6,75902E+11;292494;6492
20/09/2018 00:00;6,492E+11;153686;6391,89
19/09/2018 00:00;6,39189E+11;198215;6336,45
18/09/2018 00:00;6,33645E+11;169055;6248,69
17/09/2018 00:00;6,24869E+11;196924;6505
16/09/2018 00:00;6,505E+11;145921;6514,96
15/09/2018 00:00;6,51496E+11;141362;6476,63
14/09/2018 00:00;6,47663E+11;198375;6487,38
13/09/2018 00:00;6,48738E+11;215637;6338,62
12/09/2018 00:00;6,33862E+11;165590;6294,91
11/09/2018 00:00;6,29491E+11;173335;6312
10/09/2018 00:00;6,312E+11;165286;6250,81
09/09/2018 00:00;6,25081E+11;176709;6185,05
08/09/2018 00:00;6,18505E+11;180831;6395,54
07/09/2018 00:00;6,39554E+11;194451;6516,01
06/09/2018 00:00;6,51601E+11;280845;6700
05/09/2018 00:00;6,7E+11;308813;7359,06
04/09/2018 00:00;7,35906E+11;183178;7263,02
03/09/2018 00:00;7,26302E+11;173846;7302,01
02/09/2018 00:00;7,30201E+11;210282;7200,01
01/09/2018 00:00;7,20001E+11;217286;7011,21
31/08/2018 00:00;7,01121E+11;203142;6984,84
30/08/2018 00:00;6,98484E+11;230848;7031,22
29/08/2018 00:00;7,03122E+11;223772;7076,11
28/08/2018 00:00;7,07611E+11;252033;6908,64
27/08/2018 00:00;6,90864E+11;205441;6700
26/08/2018 00:00;6,7E+11;130769;6733,64
25/08/2018 00:00;6,73364E+11;122483;6681,64
24/08/2018 00:00;6,68164E+11;180167;6525,01
23/08/2018 00:00;6,52501E+11;187637;6360,89
22/08/2018 00:00;6,36089E+11;326562;6480
21/08/2018 00:00;6,48E+11;180578;6254,84
20/08/2018 00:00;6,25484E+11;237055;6477,53
19/08/2018 00:00;6,47753E+11;190758;6387,96
18/08/2018 00:00;6,38796E+11;276121;6584,49
17/08/2018 00:00;6,58449E+11;296730;6311,75
16/08/2018 00:00;6,31175E+11;228942;6267,16
15/08/2018 00:00;6,26716E+11;329413;6188,08
14/08/2018 00:00;6,18808E+11;252004;6246,35
13/08/2018 00:00;6,24635E+11;239602;6308,33
12/08/2018 00:00;6,30833E+11;190399;6232,35
11/08/2018 00:00;6,23235E+11;236173;6144,01
10/08/2018 00:00;6,14401E+11;289661;6529,79
09/08/2018 00:00;6,52979E+11;248573;6285
08/08/2018 00:00;6,285E+11;305603;6720,06
07/08/2018 00:00;6,72006E+11;247202;6934,82
06/08/2018 00:00;6,93482E+11;177378;7024,19
05/08/2018 00:00;7,02419E+11;148658;7009,84
04/08/2018 00:00;7,00984E+11;199335;7418,78
03/08/2018 00:00;7,41878E+11;226727;7525,71
02/08/2018 00:00;7,52571E+11;175627;7604,58
01/08/2018 00:00;7,60458E+11;208008;7730,93
31/07/2018 00:00;7,73093E+11;239132;8173,92
30/07/2018 00:00;8,17392E+11;206911;8211
29/07/2018 00:00;8,211E+11;144331;8225,04
28/07/2018 00:00;8,22504E+11;144170;8188,57
27/07/2018 00:00;8,18857E+11;227397;7920
26/07/2018 00:00;7,92E+11;235681;8175,64
25/07/2018 00:00;8,17564E+11;277935;8397,24
24/07/2018 00:00;8,39724E+11;326329;7721,01
23/07/2018 00:00;7,72101E+11;219776;7394,79
22/07/2018 00:00;7,39479E+11;144711;7398,78
21/07/2018 00:00;7,39878E+11;164901;7337,53
20/07/2018 00:00;7,33753E+11;251391;7466,21
19/07/2018 00:00;7,46621E+11;235597;7381,9
18/07/2018 00:00;7,3819E+11;327949;7317,44
17/07/2018 00:00;7,31744E+11;276178;6723,35
16/07/2018 00:00;6,72335E+11;201733;6353,01
15/07/2018 00:00;6,35301E+11;114997;6251,99
14/07/2018 00:00;6,25199E+11;108052;6214,57
13/07/2018 00:00;6,21457E+11;144757;6250,57
12/07/2018 00:00;6,25057E+11;150985;6378,07
11/07/2018 00:00;6,37807E+11;151869;6296,91
10/07/2018 00:00;6,29691E+11;189913;6662,12
09/07/2018 00:00;6,66212E+11;147315;6712,1
08/07/2018 00:00;6,7121E+11;145349;6756,98
07/07/2018 00:00;6,75698E+11;145449;6609,78
06/07/2018 00:00;6,60978E+11;193854;6529,2
05/07/2018 00:00;6,5292E+11;216533;6586,98
04/07/2018 00:00;6,58698E+11;146203;6513,86
03/07/2018 00:00;6,51386E+11;232914;6615,29
02/07/2018 00:00;6,61529E+11;242589;6356,81
01/07/2018 00:00;6,35681E+11;183060;6390,07
30/06/2018 00:00;6,39007E+11;230915;6197,92
29/06/2018 00:00;6,19792E+11;212542;5853,98
28/06/2018 00:00;5,85398E+11;156241;6133,73
27/06/2018 00:00;6,13373E+11;99481;6070,78
26/06/2018 00:00;6,07078E+11;113431;6252
25/06/2018 00:00;6,252E+11;218384;6136,97
24/06/2018 00:00;6,13697E+11;275996;6149,98
23/06/2018 00:00;6,14998E+11;170164;6045
22/06/2018 00:00;6,045E+11;300515;6718,84
21/06/2018 00:00;6,71884E+11;159783;6761,51
20/06/2018 00:00;6,76151E+11;166074;6741,21
19/06/2018 00:00;6,74121E+11;160490;6712,46
18/06/2018 00:00;6,71246E+11;180773;6449,61
17/06/2018 00:00;6,44961E+11;129759;6483,98
16/06/2018 00:00;6,48398E+11;140470;6388,9
15/06/2018 00:00;6,3889E+11;184938;6635,98
14/06/2018 00:00;6,63598E+11;256384;6292,78
13/06/2018 00:00;6,29278E+11;266517;6530
12/06/2018 00:00;6,53E+11;224658;6872
11/06/2018 00:00;6,872E+11;203442;6764,99
10/06/2018 00:00;6,76499E+11;471088;7491,73
09/06/2018 00:00;7,49173E+11;278971;7603,44
08/06/2018 00:00;7,60344E+11;321734;7691,08
07/06/2018 00:00;7,69108E+11;244186;7658,84
06/06/2018 00:00;7,65884E+11;257573;7625
05/06/2018 00:00;7,625E+11;236865;7487
04/06/2018 00:00;7,487E+11;307003;7714,26
03/06/2018 00:00;7,71426E+11;349636;7640,03
02/06/2018 00:00;7,64003E+11;290131;7521,01
01/06/2018 00:00;7,52101E+11;303069;7485,01
31/05/2018 00:00;7,48501E+11;274399;7375,96
30/05/2018 00:00;7,37596E+11;242079;7461,29
29/05/2018 00:00;7,46129E+11;237359;7099
28/05/2018 00:00;7,099E+11;233392;7338,99
27/05/2018 00:00;7,33899E+11;198341;7333,96
26/05/2018 00:00;7,33396E+11;212344;7457
25/05/2018 00:00;7,457E+11;239025;7575,01
24/05/2018 00:00;7,57501E+11;253694;7501,95
23/05/2018 00:00;7,50195E+11;306812;7977,11
22/05/2018 00:00;7,97711E+11;192154;8381,24
21/05/2018 00:00;8,38124E+11;184158;8526,98
20/05/2018 00:00;8,52698E+11;161265;8233,49
19/05/2018 00:00;8,23349E+11;134185;8239,81
18/05/2018 00:00;8,23981E+11;183913;8041,46
17/05/2018 00:00;8,04146E+11;310780;8330
16/05/2018 00:00;8,33E+11;300842;8462
15/05/2018 00:00;8,462E+11;360379;8663,34
14/05/2018 00:00;8,66334E+11;292731;8679,71
13/05/2018 00:00;8,67971E+11;215590;8465,94
12/05/2018 00:00;8,46594E+11;310305;8400
11/05/2018 00:00;8,4E+11;365538;9002,2
10/05/2018 00:00;9,0022E+11;221075;9310
09/05/2018 00:00;9,31E+11;192337;9187,56
08/05/2018 00:00;9,18756E+11;189159;9365
07/05/2018 00:00;9,365E+11;230754;9659,01
06/05/2018 00:00;9,65901E+11;229309;9864
05/05/2018 00:00;9,864E+11;212076;9713,99
04/05/2018 00:00;9,71399E+11;210165;9750
03/05/2018 00:00;9,75E+11;282581;9247,84
02/05/2018 00:00;9,24784E+11;188258;9071,48
01/05/2018 00:00;9,07148E+11;268741;9246,01
30/04/2018 00:00;9,24601E+11;285951;9419
29/04/2018 00:00;9,419E+11;311494;9348
28/04/2018 00:00;9,348E+11;257288;8915,35
27/04/2018 00:00;8,91535E+11;268471;9266
26/04/2018 00:00;9,266E+11;285850;8869,99
25/04/2018 00:00;8,86999E+11;477363;9619,99
24/04/2018 00:00;9,61999E+11;326608;8934,01
23/04/2018 00:00;8,93401E+11;190944;8787,02
22/04/2018 00:00;8,78702E+11;229871;8915,31
21/04/2018 00:00;8,91531E+11;295374;8856,98
20/04/2018 00:00;8,85698E+11;289687;8278
19/04/2018 00:00;8,278E+11;196821;8173
18/04/2018 00:00;8,173E+11;183472;7885,02
17/04/2018 00:00;7,88502E+11;221228;8064,92
16/04/2018 00:00;8,06492E+11;226748;8355
15/04/2018 00:00;8,355E+11;181778;7999,01
14/04/2018 00:00;7,99901E+11;194500;7877,41
13/04/2018 00:00;7,87741E+11;351905;7923
12/04/2018 00:00;7,923E+11;404588;6953,79
11/04/2018 00:00;6,95379E+11;155607;6843,9
10/04/2018 00:00;6,8439E+11;147755;6782,72
09/04/2018 00:00;6,78272E+11;212669;7018
08/04/2018 00:00;7,018E+11;152461;6895,8
07/04/2018 00:00;6,8958E+11;178577;6601,39
06/04/2018 00:00;6,60139E+11;162456;6770,76
05/04/2018 00:00;6,77076E+11;238476;6796,1
04/04/2018 00:00;6,7961E+11;277249;7405,21
03/04/2018 00:00;7,40521E+11;248143;7056
02/04/2018 00:00;7,056E+11;206780;6813,01
01/04/2018 00:00;6,81301E+11;260942;6923,91
31/03/2018 00:00;6,92391E+11;240293;6840,23
30/03/2018 00:00;6,84023E+11;400057;7090,14
29/03/2018 00:00;7,09014E+11;359537;7949,3
28/03/2018 00:00;7,9493E+11;183620;7795,51
27/03/2018 00:00;7,79551E+11;266540;8134,23
26/03/2018 00:00;8,13423E+11;310462;8470,15
25/03/2018 00:00;8,47015E+11;215660;8546,86
24/03/2018 00:00;8,54686E+11;270300;8898,03
23/03/2018 00:00;8,89803E+11;278571;8722,9
22/03/2018 00:00;8,7229E+11;276449;8885
21/03/2018 00:00;8,885E+11;293696;8909,98
20/03/2018 00:00;8,90998E+11;298261;8600
19/03/2018 00:00;8,6E+11;360414;8189,99
18/03/2018 00:00;8,18999E+11;423336;7824,8
17/03/2018 00:00;7,8248E+11;292041;8260
16/03/2018 00:00;8,26E+11;255807;8240,98
15/03/2018 00:00;8,24098E+11;400529;8170
14/03/2018 00:00;8,17E+11;399127;9150
13/03/2018 00:00;9,15E+11;342734;9131,34
12/03/2018 00:00;9,13134E+11;336642;9533,57
11/03/2018 00:00;9,53357E+11;333367;8770,22
10/03/2018 00:00;8,77022E+11;288066;9227
09/03/2018 00:00;9,227E+11;462712;9271,64
08/03/2018 00:00;9,27164E+11;336514;9910
07/03/2018 00:00;9,91E+11;396721;10716,48
06/03/2018 00:00;1,07165E+12;250306;11454
05/03/2018 00:00;1,1454E+12;164318;11515
04/03/2018 00:00;1,1515E+12;168359;11464,48
03/03/2018 00:00;1,14645E+12;190444;11039
02/03/2018 00:00;1,1039E+12;211691;10920
01/03/2018 00:00;1,092E+12;230428;10326,76
28/02/2018 00:00;1,03268E+12;277886;10569,04
27/02/2018 00:00;1,0569E+12;240542;10324
26/02/2018 00:00;1,0324E+12;285276;9590
25/02/2018 00:00;9,59E+11;233567;9694,51
24/02/2018 00:00;9,69451E+11;337918;10131,04
23/02/2018 00:00;1,0131E+12;467480;9811,04
22/02/2018 00:00;9,81104E+11;506273;10437,6
21/02/2018 00:00;1,04376E+12;542340;11200,99
20/02/2018 00:00;1,1201E+12;432197;11153
19/02/2018 00:00;1,1153E+12;366882;10383,43
18/02/2018 00:00;1,03834E+12;537534;11039,55
17/02/2018 00:00;1,10396E+12;413585;10159,98
16/02/2018 00:00;1,016E+12;405310;10000,09
15/02/2018 00:00;1,00001E+12;608349;9449,99
14/02/2018 00:00;9,44999E+11;514897;8539,9
13/02/2018 00:00;8,5399E+11;401893;8903
12/02/2018 00:00;8,903E+11;477660;8063,88
11/02/2018 00:00;8,06388E+11;524626;8533,98
10/02/2018 00:00;8,53398E+11;537578;8683,92
09/02/2018 00:00;8,68392E+11;273091;7784,02
08/02/2018 00:00;7,78402E+11;12417;7599
07/02/2018 00:00;7,599E+11;514893;7652,14
06/02/2018 00:00;7,65214E+11;785996;6939,99
05/02/2018 00:00;6,93999E+11;533510;8184,81
04/02/2018 00:00;8,18481E+11;356134;9199,96
03/02/2018 00:00;9,19996E+11;327519;8873,03
02/02/2018 00:00;8,87303E+11;453411;9224,52
01/02/2018 00:00;9,22452E+11;316020;10285,1
31/01/2018 00:00;1,02851E+12;201422;10237,51
30/01/2018 00:00;1,02375E+12;259212;11251
29/01/2018 00:00;1,1251E+12;169199;11879,95
28/01/2018 00:00;1,188E+12;206247;11491
27/01/2018 00:00;1,1491E+12;207478;11089
26/01/2018 00:00;1,1089E+12;314720;11175,27
25/01/2018 00:00;1,11753E+12;221040;11349,99
24/01/2018 00:00;1,135E+12;293429;10799,18
23/01/2018 00:00;1,07992E+12;355286;10760,05
22/01/2018 00:00;1,07601E+12;363264;11530
21/01/2018 00:00;1,153E+12;360207;12799,94
20/01/2018 00:00;1,27999E+12;251647;11474,98
19/01/2018 00:00;1,1475E+12;273271;10961,97
18/01/2018 00:00;1,0962E+12;393112;10988,79
17/01/2018 00:00;1,09888E+12;517293;10900
16/01/2018 00:00;1,09E+12;418243;13539,93
15/01/2018 00:00;1,35399E+12;145362;13474,99
14/01/2018 00:00;1,3475E+12;152364;14210
13/01/2018 00:00;1,421E+12;123639;13740,01
12/01/2018 00:00;1,374E+12;134452;13238,78
11/01/2018 00:00;1,32388E+12;239416;14907,09
10/01/2018 00:00;1,49071E+12;161476;14400
09/01/2018 00:00;1,44E+12;156656;14902,54
08/01/2018 00:00;1,49025E+12;208642;16150,03
07/01/2018 00:00;1,615E+12;120269;17069,79
06/01/2018 00:00;1,70698E+12;158242;16960,39
05/01/2018 00:00;1,69604E+12;192969;15059,54
04/01/2018 00:00;1,50595E+12;170310;14919,51
03/01/2018 00:00;1,49195E+12;162787;14675,11
02/01/2018 00:00;1,46751E+12;177728;13380
01/01/2018 00:00;1,338E+12;105595;13716,36
31/12/2017 00:00;1,37164E+12;138893;12440,01
30/12/2017 00:00;1,244E+12;190204;14378,9
29/12/2017 00:00;1,43789E+12;142100;14182,11
28/12/2017 00:00;1,41821E+12;178032;15459,99
27/12/2017 00:00;1,546E+12;142202;15689,01
26/12/2017 00:00;1,5689E+12;133133;13699,34
25/12/2017 00:00;1,36993E+12;116416;13500
24/12/2017 00:00;1,35E+12;173557;13300
23/12/2017 00:00;1,33E+12;135005;13326,61
22/12/2017 00:00;1,33266E+12;243261;15492,64
21/12/2017 00:00;1,54926E+12;117731;16488,98
20/12/2017 00:00;1,6489E+12;129762;17295,2
19/12/2017 00:00;1,72952E+12;116569;18856,25
18/12/2017 00:00;1,88563E+12;91956;#VALUE!
18/12/2017;18856.25;NULL;#VALUE!
17/12/2017;18860.02;NULL;#VALUE!
16/12/2017;19102.66;NULL;#VALUE!
15/12/2017;17539.83;NULL;#VALUE!
14/12/2017;16334.98;NULL;#VALUE!
13/12/2017;16033.29;NULL;#VALUE!
12/12/2017;16349.99;NULL;#VALUE!
11/12/2017;16587.97;NULL;#VALUE!
10/12/2017;14899.98;NULL;#VALUE!
09/12/2017;14656.07;NULL;0,0001588
08/12/2017;15880;NULL;0,00016599
07/12/2017;16599;NULL;#VALUE!
06/12/2017;13550.05;NULL;#VALUE!
05/12/2017;11699.99;NULL;0,00011579
04/12/2017;11579;NULL;#VALUE!
03/12/2017;11165.41;NULL;#VALUE!
02/12/2017;10890.01;NULL;#VALUE!
01/12/2017;10782.99;NULL;#VALUE!
30/11/2017;9838.96;NULL;#VALUE!
29/11/2017;9687.88;NULL;#VALUE!
28/11/2017;9896.8;NULL;0,0000965
27/11/2017;9650;NULL;#VALUE!
26/11/2017;9128.02;NULL;#VALUE!
25/11/2017;8700.01;NULL;0,00008138
24/11/2017;8138;NULL;#VALUE!
23/11/2017;8019.99;NULL;#VALUE!
22/11/2017;8205.92;NULL;#VALUE!
21/11/2017;8119.51;NULL;0,00008212
20/11/2017;8212;NULL;0,00008038
19/11/2017;8038;NULL;#VALUE!
18/11/2017;7761.94;NULL;#VALUE!
17/11/2017;7699.19;NULL;#VALUE!
16/11/2017;7864.5;NULL;#VALUE!
15/11/2017;7240.06;NULL;#VALUE!
14/11/2017;6574.99;NULL;#VALUE!
13/11/2017;6465.99;NULL;#VALUE!
12/11/2017;5811.03;NULL;#VALUE!
11/11/2017;6245.05;NULL;#VALUE!
10/11/2017;6506.98;NULL;#VALUE!
09/11/2017;7079.99;NULL;0,00007303
08/11/2017;7303;NULL;#VALUE!
07/11/2017;7064.04;NULL;#VALUE!
06/11/2017;6960.12;NULL;#VALUE!
05/11/2017;7345.01;NULL;#VALUE!
04/11/2017;7357.09;NULL;#VALUE!
03/11/2017;7115.04;NULL;#VALUE!
02/11/2017;7019.98;NULL;#VALUE!
01/11/2017;6753.98;NULL;0,00006463
31/10/2017;6463;NULL;#VALUE!
30/10/2017;6120.5;NULL;#VALUE!
29/10/2017;6169.98;NULL;#VALUE!
28/10/2017;5719.64;NULL;#VALUE!
27/10/2017;5768.83;NULL;#VALUE!
26/10/2017;5861.77;NULL;#VALUE!
25/10/2017;5689.99;NULL;#VALUE!
24/10/2017;5477.03;NULL;#VALUE!
23/10/2017;5915.93;NULL;#VALUE!
22/10/2017;5950.02;NULL;#VALUE!
21/10/2017;6024.97;NULL;#VALUE!
20/10/2017;6010.01;NULL;#VALUE!
19/10/2017;5683.9;NULL;#VALUE!
18/10/2017;5512.06;NULL;0,00005595
17/10/2017;5595;NULL;#VALUE!
16/10/2017;5760.02;NULL;#VALUE!
15/10/2017;5709.99;NULL;#VALUE!
14/10/2017;5869.99;NULL;#VALUE!
13/10/2017;5649.98;NULL;0,0000543
12/10/2017;5430;NULL;#VALUE!
11/10/2017;4821.43;NULL;#VALUE!
10/10/2017;4783.06;NULL;#VALUE!
09/10/2017;4786.95;NULL;0,0000464
08/10/2017;4640;NULL;0,00004423
07/10/2017;4423;NULL;0,00004369
06/10/2017;4369;NULL;#VALUE!
05/10/2017;4292.43;NULL;#VALUE!
04/10/2017;4208.59;NULL;0,0000431
03/10/2017;4310;NULL;0,0000438
02/10/2017;4380;NULL;#VALUE!
01/10/2017;4378.48;NULL;#VALUE!
30/09/2017;4378.51;NULL;#VALUE!
29/09/2017;4174.69;NULL;#VALUE!
28/09/2017;4174.5;NULL;0,00004193
27/09/2017;4193;NULL;#VALUE!
26/09/2017;3882.35;NULL;#VALUE!
25/09/2017;3920.75;NULL;#VALUE!
24/09/2017;3660.02;NULL;0,0000378
23/09/2017;3780;NULL;#VALUE!
22/09/2017;3595.87;NULL;#VALUE!
21/09/2017;3609.99;NULL;0,000039
20/09/2017;3900;NULL;#VALUE!
19/09/2017;3910.04;NULL;#VALUE!
18/09/2017;4035.01;NULL;#VALUE!
17/09/2017;3699.99;NULL;#VALUE!
16/09/2017;3714.95;NULL;0,000037
15/09/2017;3700;NULL;#VALUE!
14/09/2017;3189.02;NULL;#VALUE!
13/09/2017;3944.69;NULL;#VALUE!
12/09/2017;4163.72;NULL;#VALUE!
11/09/2017;4208.47;NULL;#VALUE!
10/09/2017;4130.37;NULL;#VALUE!
09/09/2017;4258.81;NULL;#VALUE!
08/09/2017;4282.8;NULL;#VALUE!
07/09/2017;4691.61;NULL;#VALUE!
06/09/2017;4619.77;NULL;#VALUE!
05/09/2017;4366.47;NULL;#VALUE!
04/09/2017;4100.11;NULL;#VALUE!
03/09/2017;4509.08;NULL;#VALUE!
02/09/2017;4472.14;NULL;#VALUE!
01/09/2017;4834.91;NULL;#VALUE!
31/08/2017;4724.89;NULL;#VALUE!
30/08/2017;4555.14;NULL;#VALUE!
29/08/2017;4587.48;NULL;#VALUE!
28/08/2017;4386.69;NULL;#VALUE!
27/08/2017;4310.01;NULL;#VALUE!
26/08/2017;4337.44;NULL;#VALUE!
25/08/2017;4280.68;NULL;#VALUE!
24/08/2017;4316.01;NULL;#VALUE!
23/08/2017;4114.01;NULL;0,0000404
22/08/2017;4040;NULL;0,00004016
21/08/2017;4016;NULL;#VALUE!
20/08/2017;4086.29;NULL;#VALUE!
19/08/2017;4139.98;NULL;#VALUE!
18/08/2017;4108.37;NULL;#VALUE!
17/08/2017;4285.08;NULL;0
