Currency,Date,Closing Price (USD),24h Open (USD),24h High (USD),24h Low (USD)
TRX,2018-06-01,0.060368222,0.0609264233,0.06156842,0.0599052797
TRX,2018-06-02,0.05879612,0.0605624629,0.0618786836,0.0560089893
TRX,2018-06-03,0.0610414963,0.0585138668,0.0634726449,0.0574987771
TRX,2018-06-04,0.0621256375,0.0611214366,0.0635871032,0.0603510312
TRX,2018-06-05,0.0595592948,0.0621135353,0.0625627169,0.0578478296
TRX,2018-06-06,0.0606142552,0.0595592948,0.0611829998,0.0568653233
TRX,2018-06-07,0.0591196828,0.060316452,0.0607130516,0.0579275604
TRX,2018-06-08,0.05862892,0.0590475747,0.06029556,0.058103872
TRX,2018-06-09,0.0574405494,0.0585591666,0.058766841,0.0564236596
TRX,2018-06-10,0.056853654,0.0574405494,0.059458,0.0568372636
TRX,2018-06-11,0.0471890607,0.056853654,0.0568977519,0.0448899
TRX,2018-06-12,0.0481228179,0.0455994844,0.0481978861,0.0451545797
TRX,2018-06-13,0.0430471953,0.0485230649,0.0488595771,0.0430206333
TRX,2018-06-14,0.041861891,0.0430466078,0.044327631,0.0382557307
TRX,2018-06-15,0.044900636,0.0410789639,0.0458071961,0.0401322657
TRX,2018-06-16,0.0421881251,0.0452218501,0.0460501189,0.0421154558
TRX,2018-06-17,0.0435823542,0.0421881578,0.0436111112,0.0413483412
TRX,2018-06-18,0.0427550436,0.0430437452,0.0435682057,0.0423658489
TRX,2018-06-19,0.0450960419,0.0424235511,0.0455936092,0.0412020311
TRX,2018-06-20,0.0485769342,0.0451415879,0.0516642883,0.0445764436
TRX,2018-06-21,0.0481294819,0.0495209703,0.0495214126,0.0444077519
TRX,2018-06-22,0.0485721792,0.0487089602,0.0499568453,0.0469726651
TRX,2018-06-23,0.0433613588,0.0485560332,0.0488468727,0.0415095805
TRX,2018-06-24,0.0442896555,0.0429641148,0.0449620071,0.0421188835
TRX,2018-06-25,0.042002485,0.0443235139,0.0443469267,0.0382313136
TRX,2018-06-26,0.0419755914,0.0419745796,0.0429768487,0.0409808223
TRX,2018-06-27,0.0389616518,0.0422358387,0.0424496242,0.0387812906
TRX,2018-06-28,0.0391249778,0.0392122237,0.0400296201,0.0374977726
TRX,2018-06-29,0.0371461207,0.0391526665,0.0397817581,0.0368641913
TRX,2018-06-30,0.0373501257,0.0372656647,0.0373881328,0.0342878679
TRX,2018-07-01,0.0380981058,0.0373415559,0.0403149007,0.0365856432
TRX,2018-07-02,0.0378955881,0.0380195184,0.0387731449,0.036705978
TRX,2018-07-03,0.040051513,0.0378786887,0.0405468469,0.0367717842
TRX,2018-07-04,0.0389010664,0.0398045094,0.0411228605,0.0384643918
TRX,2018-07-05,0.0392370054,0.0388034802,0.0402522449,0.0373527811
TRX,2018-07-06,0.0376128055,0.0392377616,0.0399722602,0.0370999833
TRX,2018-07-07,0.0357531926,0.0370418265,0.0380920743,0.034317999
TRX,2018-07-08,0.0365624435,0.0368239,0.0373552897,0.0360251497
TRX,2018-07-09,0.0376893081,0.0365620407,0.0384929125,0.0363865234
TRX,2018-07-10,0.0361087559,0.0376893081,0.037705597,0.0360334291
TRX,2018-07-11,0.0346660387,0.0361086997,0.0364202888,0.0328929783
TRX,2018-07-12,0.0334562551,0.0335334327,0.0348386374,0.0327843591
TRX,2018-07-13,0.0316398847,0.033452995,0.0337288376,0.0314919755
TRX,2018-07-14,0.033249715,0.0324098892,0.034666981,0.0322634367
TRX,2018-07-15,0.0334011341,0.0336494517,0.0339203398,0.0324994147
TRX,2018-07-16,0.0345935323,0.0334028087,0.0351195655,0.0331362893
TRX,2018-07-17,0.0368622522,0.0344666487,0.0372550829,0.0340857633
TRX,2018-07-18,0.0398682434,0.0368623383,0.0406477788,0.0359674688
TRX,2018-07-19,0.0397862713,0.0398695068,0.0432644357,0.0389453116
TRX,2018-07-20,0.0379691575,0.0397861152,0.0398841821,0.0373302719
TRX,2018-07-21,0.035116719,0.0379692684,0.0381952933,0.0345408111
TRX,2018-07-22,0.0359215836,0.0350960833,0.0364131464,0.0337827824
TRX,2018-07-23,0.0352820424,0.0359691179,0.0365178025,0.0349701641
TRX,2018-07-24,0.0342617676,0.0351321774,0.0363128344,0.0341376846
TRX,2018-07-25,0.0387756691,0.0342633598,0.0390891827,0.0329481746
TRX,2018-07-26,0.0376661433,0.038803606,0.0392349192,0.0361713583
TRX,2018-07-27,0.0358530903,0.0377135738,0.0386777819,0.0357718933
TRX,2018-07-28,0.0370247227,0.035868804,0.0371722208,0.0351385752
TRX,2018-07-29,0.0368016972,0.0364776357,0.0369306335,0.0357984593
TRX,2018-07-30,0.0399856799,0.0368024526,0.0407865027,0.0366988806
TRX,2018-07-31,0.0363518082,0.0391383733,0.0394482013,0.0351978255
TRX,2018-08-01,0.0338348905,0.0363517623,0.0365748864,0.0334863531
TRX,2018-08-02,0.0325892459,0.0337944038,0.034053688,0.0316048034
TRX,2018-08-03,0.0316009264,0.0325894249,0.0333427716,0.0308318833
TRX,2018-08-04,0.0306476278,0.0314470156,0.0317103469,0.0294588499
TRX,2018-08-05,0.0289993169,0.030645294,0.0312347392,0.0285541907
TRX,2018-08-06,0.0303790544,0.0289665822,0.030473234,0.0283319144
TRX,2018-08-07,0.0289800613,0.0303980081,0.0310571639,0.0288395647
TRX,2018-08-08,0.0278651499,0.0289799838,0.03000044,0.0275456358
TRX,2018-08-09,0.0241583365,0.0277872121,0.0278188095,0.0236749114
TRX,2018-08-10,0.0264613507,0.0241351202,0.026598558,0.0238000816
TRX,2018-08-11,0.0234198984,0.0264391761,0.026495023,0.0233913875
TRX,2018-08-12,0.0234779698,0.0234053221,0.0237254679,0.0218983843
TRX,2018-08-13,0.0227317231,0.0234783917,0.0236163959,0.0221302022
TRX,2018-08-14,0.0196169876,0.0227317231,0.0229639056,0.019148528
TRX,2018-08-15,0.0186651257,0.0196114034,0.0199177367,0.0163589688
TRX,2018-08-16,0.0198414332,0.0191529193,0.0209946167,0.0190797112
TRX,2018-08-17,0.0193987152,0.0198414332,0.0200859285,0.0190813539
TRX,2018-08-18,0.0234087794,0.019427302,0.0234397814,0.0193168987
TRX,2018-08-19,0.021362833,0.0233809211,0.0247551872,0.0204022505
TRX,2018-08-20,0.0223292966,0.0215854806,0.0228868755,0.0208471222
TRX,2018-08-21,0.0206635939,0.0223292712,0.0227436085,0.020650209
TRX,2018-08-22,0.0210107092,0.0204019953,0.0212747967,0.0199782549
TRX,2018-08-23,0.0194262566,0.021011116,0.0223918251,0.0191567821
TRX,2018-08-24,0.0206066493,0.0196044949,0.0208585809,0.0195187035
TRX,2018-08-25,0.0216509937,0.0208302876,0.021695032,0.020403916
TRX,2018-08-26,0.0223663019,0.0215587968,0.0226658304,0.0210224413
TRX,2018-08-27,0.0225470628,0.0223667144,0.0231152589,0.0211727055
TRX,2018-08-28,0.0242646716,0.0227144031,0.024312074,0.0223927565
TRX,2018-08-29,0.0267665451,0.0242565251,0.0276413712,0.0240602417
TRX,2018-08-30,0.0258224976,0.0267480991,0.0272201597,0.0245860859
TRX,2018-08-31,0.0245906662,0.0258224594,0.0259489855,0.0232793159
TRX,2018-09-01,0.0253525425,0.0245907004,0.0256916158,0.0243155689
TRX,2018-09-02,0.0266518211,0.0253650558,0.0272340435,0.025263164
TRX,2018-09-03,0.025470092,0.0266536961,0.026779342,0.0247362942
TRX,2018-09-04,0.0250084797,0.0254651542,0.0258865718,0.0244731126
TRX,2018-09-05,0.0252263932,0.0250555536,0.0258596453,0.0249242353
TRX,2018-09-06,0.0220465978,0.0252192272,0.025461043,0.0216413577
TRX,2018-09-07,0.0213207252,0.0220466108,0.0221758873,0.0202046847
TRX,2018-09-08,0.0205481392,0.021659025,0.0220382868,0.0202287161
TRX,2018-09-09,0.0191516688,0.0205475938,0.0208462082,0.0187384877
TRX,2018-09-10,0.0194113537,0.0192276535,0.0202900585,0.0188457929
TRX,2018-09-11,0.0192070653,0.0194105053,0.0202912611,0.0189124133
TRX,2018-09-12,0.0185474551,0.0192311689,0.0196686911,0.0178950566
TRX,2018-09-13,0.0182227468,0.0185652101,0.0187272462,0.0171842254
TRX,2018-09-14,0.0199920732,0.0182648931,0.0205980992,0.0182447689
TRX,2018-09-15,0.020069938,0.0199921068,0.0206693388,0.0191589353
TRX,2018-09-16,0.0198439587,0.0197231643,0.0204315816,0.0196813079
TRX,2018-09-17,0.0199716193,0.0198505087,0.0200988132,0.0192116504
TRX,2018-09-18,0.0184008549,0.0199720913,0.020260347,0.0182137074
TRX,2018-09-19,0.0194512558,0.018434227,0.0196573812,0.0183327288
TRX,2018-09-20,0.0197558266,0.0193421501,0.0202488942,0.0187971963
TRX,2018-09-21,0.0221973497,0.0196762412,0.0224012532,0.0196562828
TRX,2018-09-22,0.0231596262,0.0221973497,0.0261433161,0.0217549279
TRX,2018-09-23,0.0233919557,0.0231595307,0.023858043,0.022277217
TRX,2018-09-24,0.0237897527,0.0233925162,0.0246096364,0.0230106829
TRX,2018-09-25,0.0210969776,0.0237875099,0.0238178159,0.0208160867
TRX,2018-09-26,0.0204248094,0.0210969917,0.0214121285,0.0201984745
TRX,2018-09-27,0.0212402641,0.0204245083,0.0220567301,0.0203238406
TRX,2018-09-28,0.022559608,0.0212407132,0.0230151616,0.0206308922
TRX,2018-09-29,0.0214497421,0.0225610947,0.023082894,0.0211986514
TRX,2018-09-30,0.0220485949,0.0214474103,0.022270621,0.0211789363
TRX,2018-10-01,0.0222806112,0.0220508869,0.022736421,0.0217653805
TRX,2018-10-02,0.0221690054,0.0222804592,0.0223582401,0.0215874646
TRX,2018-10-03,0.0220940167,0.0219455195,0.0221752215,0.0219010821
TRX,2018-10-04,0.0214555452,0.0221153873,0.0221669041,0.0212363226
TRX,2018-10-05,0.0228377662,0.0214555452,0.0235855858,0.0214547999
TRX,2018-10-06,0.0232368928,0.022823476,0.0235422458,0.0223532554
TRX,2018-10-07,0.0237249106,0.0233796503,0.0244739782,0.0229123776
TRX,2018-10-08,0.0257119915,0.0237249026,0.0265174493,0.0236085389
TRX,2018-10-09,0.0268239786,0.0270647744,0.0284331189,0.0259503758
TRX,2018-10-10,0.0262663972,0.026803035,0.0269680573,0.0253140787
TRX,2018-10-11,0.0253223203,0.0262493095,0.0262978091,0.0247324599
TRX,2018-10-12,0.0217069413,0.025527756,0.0255477151,0.0215930485
TRX,2018-10-13,0.0231720177,0.0217068691,0.0239008595,0.0207538685
TRX,2018-10-14,0.02401391,0.0231711648,0.0242261188,0.0226651353
TRX,2018-10-15,0.0243659763,0.0238347362,0.0249565027,0.023821766
TRX,2018-10-16,0.0253601908,0.0238208052,0.0278428289,0.0229497176
TRX,2018-10-17,0.0247903579,0.0253603908,0.0259045331,0.0246154435
TRX,2018-10-18,0.0239149661,0.0247893516,0.0251870495,0.0236328927
TRX,2018-10-19,0.023700887,0.0239981091,0.0246806615,0.0234872622
TRX,2018-10-20,0.023888571,0.023700887,0.0240040899,0.023333754
TRX,2018-10-21,0.0238897953,0.0238394306,0.0241020498,0.0236582623
TRX,2018-10-22,0.0238328457,0.0238178349,0.0243404695,0.0237822435
TRX,2018-10-23,0.0235569092,0.0238328523,0.0239427247,0.023367687
TRX,2018-10-24,0.023182012,0.0235267254,0.0235992066,0.0227191358
TRX,2018-10-25,0.0232107408,0.0231834251,0.0235627005,0.0230700491
TRX,2018-10-26,0.0229594934,0.023196843,0.023220755,0.0227201411
TRX,2018-10-27,0.0232920857,0.0229582405,0.0235058306,0.0226230531
TRX,2018-10-28,0.0233004673,0.0233366671,0.0235115822,0.0230381717
TRX,2018-10-29,0.0218866569,0.0233332723,0.0234055867,0.021296681
TRX,2018-10-31,0.0220292367,0.0218925556,0.0221986163,0.0218126401
TRX,2018-11-01,0.0222245313,0.022019896,0.022546221,0.0212579763
TRX,2018-11-02,0.0226968228,0.0221993108,0.0229446402,0.0221991235
TRX,2018-11-03,0.0224169212,0.0226998249,0.0227128595,0.0222745006
TRX,2018-11-04,0.0232737782,0.0224159593,0.0237408066,0.0220691813
TRX,2018-11-05,0.0233242647,0.0232737104,0.0236891273,0.0230529095
TRX,2018-11-06,0.0243925976,0.0234308098,0.024601843,0.0233276641
TRX,2018-11-08,0.0231809439,0.0243923661,0.0248437109,0.0231076084
TRX,2018-11-09,0.0229064308,0.0231216653,0.0234099081,0.0227434781
TRX,2018-11-11,0.0225896985,0.0228973549,0.0231722031,0.0224904176
TRX,2018-11-13,0.0221968686,0.0225897503,0.0229351812,0.0220832185
TRX,2018-11-14,0.0194196997,0.0221965838,0.0223141271,0.0185598451
TRX,2018-11-15,0.0189606193,0.0194111936,0.0200337709,0.0175894568
TRX,2018-11-17,0.0186236431,0.0191899481,0.0196105038,0.0183450541
TRX,2018-11-19,0.0186551707,0.0186362796,0.0190679156,0.0184956839
TRX,2018-11-20,0.0135340474,0.0186486244,0.0188594399,0.0122372779
TRX,2018-11-21,0.0142408674,0.0136947841,0.0149119405,0.0132444619
TRX,2018-11-23,0.0141997742,0.0142348342,0.0147249882,0.0138765689
TRX,2018-11-24,0.0120970625,0.0142155048,0.0142178211,0.011833022
TRX,2018-11-25,0.0121478497,0.0122896023,0.0126114027,0.0106559371
TRX,2018-11-26,0.0112916915,0.0121483699,0.0127584602,0.010937817
TRX,2018-11-28,0.0118425193,0.0112919916,0.0119302573,0.0110628594
TRX,2018-11-29,0.0143687753,0.0118422881,0.0156780589,0.011694347
TRX,2018-11-30,0.0154897371,0.0143616826,0.0168667672,0.0141019476
TRX,2018-12-01,0.0141771688,0.0155886366,0.0156800366,0.0134003535
TRX,2018-12-02,0.0151306793,0.0141779337,0.0154655308,0.0137888155
TRX,2018-12-03,0.01485852,0.0151306782,0.0154044716,0.0145492035
TRX,2018-12-04,0.0142792424,0.0148580831,0.0152285673,0.0133138381
TRX,2018-12-05,0.0138811141,0.0142796201,0.0146353038,0.01380922
TRX,2018-12-06,0.013165467,0.0137883888,0.0143663004,0.0130272147
TRX,2018-12-08,0.0132389355,0.0131634114,0.0133450916,0.0119777943
TRX,2018-12-09,0.0134355946,0.0132411843,0.0138333223,0.0126446424
TRX,2018-12-10,0.0132861425,0.013445384,0.0138959988,0.0129539997
TRX,2018-12-11,0.0132257394,0.0132886768,0.0135968153,0.0127736227
TRX,2018-12-12,0.0132482595,0.013225172,0.0135234499,0.0129997795
TRX,2018-12-13,0.0128838584,0.0131771041,0.0134013946,0.0128280641
TRX,2018-12-15,0.0127011541,0.0128826916,0.0130940546,0.0123995841
TRX,2018-12-16,0.0128593685,0.0127012806,0.0132419651,0.0124179807
TRX,2018-12-17,0.0140057011,0.0128578731,0.0145664171,0.0127937703
TRX,2018-12-18,0.0143067482,0.0140069092,0.0145172872,0.0138159466
TRX,2018-12-20,0.0158192425,0.0148045133,0.0175111803,0.0147025095
TRX,2018-12-21,0.017128838,0.0158194559,0.0174182079,0.0152079095
TRX,2018-12-22,0.0197901692,0.0171265909,0.0225606058,0.0168517506
TRX,2018-12-23,0.0205344609,0.019784888,0.021251832,0.0183114992
TRX,2018-12-24,0.0211095327,0.0205344609,0.0235392278,0.0201224661
TRX,2018-12-25,0.0194983062,0.0207879094,0.0208691728,0.0183570506
TRX,2018-12-26,0.0202145615,0.0195134039,0.0208110592,0.0191779308
TRX,2018-12-27,0.018351942,0.0202058283,0.0203685545,0.018165695
TRX,2018-12-28,0.0203999673,0.0183483315,0.0207842802,0.0177417433
TRX,2018-12-30,0.0195529215,0.0205303824,0.0208516868,0.0194459475
TRX,2018-12-31,0.0188205969,0.0195529215,0.0202125379,0.0187408229
TRX,2019-01-02,0.0191037479,0.0187290603,0.019529257,0.0185750505
TRX,2019-01-03,0.0199566241,0.0191037479,0.0199724134,0.0189727594
TRX,2019-01-04,0.0201742232,0.0199566241,0.0206418475,0.0194113728
TRX,2019-01-05,0.0211751882,0.0198341349,0.0219436017,0.0195845848
TRX,2019-01-06,0.0221481062,0.0211751882,0.0234628623,0.0211020948
TRX,2019-01-07,0.0225241155,0.0221494516,0.0232129013,0.0216161327
TRX,2019-01-08,0.0231514634,0.0227009001,0.0240325898,0.0224580431
TRX,2019-01-09,0.0262185921,0.0231516299,0.0267273818,0.0229773843
TRX,2019-01-10,0.0284539989,0.0260506876,0.0295708034,0.0254061763
TRX,2019-01-11,0.0261930606,0.0284539678,0.0346172864,0.0238963332
TRX,2019-01-12,0.0246913418,0.0261713851,0.027740965,0.0244673784
TRX,2019-01-13,0.0233375174,0.024708054,0.0250456717,0.0227266438
TRX,2019-01-14,0.020978683,0.0232120215,0.0234507739,0.0207383501
TRX,2019-01-15,0.0248681358,0.0209795145,0.0251040941,0.0208179879
TRX,2019-01-16,0.0243876253,0.024881518,0.0263908971,0.0234566365
TRX,2019-01-17,0.0250399961,0.0243877586,0.025114375,0.0237685149
TRX,2019-01-18,0.0250801351,0.0249235626,0.0258796429,0.023838034
TRX,2019-01-19,0.0246794722,0.0250620678,0.0254568301,0.0244416321
TRX,2019-01-20,0.0243903786,0.0246792196,0.0249230308,0.0233843667
TRX,2019-01-21,0.0237253333,0.0242681305,0.0245291082,0.0229802053
TRX,2019-01-22,0.0250230025,0.0237364687,0.0255491275,0.0233205015
TRX,2019-01-23,0.0262691297,0.0250245453,0.026697648,0.0248043506
TRX,2019-01-24,0.0264939243,0.0261786037,0.0271582433,0.0256897146
TRX,2019-01-25,0.0266872468,0.0263624179,0.0270229873,0.0259787452
TRX,2019-01-26,0.0264174817,0.0267028955,0.0267692817,0.0262397043
TRX,2019-01-27,0.0284364302,0.026411389,0.0288100464,0.0263370456
TRX,2019-01-28,0.0291035156,0.0284365309,0.0304263313,0.0279517218
TRX,2019-01-29,0.0266095306,0.0291037708,0.0291348041,0.0249371864
TRX,2019-01-30,0.0270070986,0.02666159,0.0274794462,0.0257075305
TRX,2019-01-31,0.0270907632,0.0270068608,0.027747498,0.0264749563
TRX,2019-02-01,0.0254829655,0.0268718929,0.0271271615,0.0248967807
TRX,2019-02-02,0.0258151487,0.0248900879,0.0262743768,0.0238229288
TRX,2019-02-03,0.0253966175,0.0258151487,0.0260419548,0.025280982
TRX,2019-02-04,0.0251616888,0.0253866405,0.025883427,0.0248065632
TRX,2019-02-05,0.0263503422,0.0251433278,0.0287058152,0.0247910239
TRX,2019-02-06,0.0258865616,0.0263379476,0.0274687618,0.0257777012
TRX,2019-02-07,0.0252923424,0.025886707,0.0264025654,0.0249337214
TRX,2019-02-08,0.0254308781,0.0252403101,0.0259570454,0.0251126523
TRX,2019-02-09,0.0263752076,0.0254339858,0.0270141571,0.0252229443
TRX,2019-02-10,0.0259738198,0.0264883257,0.0272989109,0.0257082793
TRX,2019-02-11,0.0254530985,0.025972823,0.0260217919,0.0246514146
TRX,2019-02-12,0.0243762977,0.0254599021,0.0258952871,0.0238560613
TRX,2019-02-13,0.0239950967,0.0243762418,0.024481041,0.0237442984
TRX,2019-02-14,0.0237772634,0.0241021531,0.0249300343,0.0235546148
TRX,2019-02-15,0.0232333738,0.0237760113,0.0240846837,0.0228973487
TRX,2019-02-16,0.023365459,0.0230583984,0.0238332698,0.0230336994
TRX,2019-02-17,0.0233429395,0.023364146,0.0236299474,0.0232106045
TRX,2019-02-18,0.0233840531,0.0233412105,0.0237453624,0.0232091377
TRX,2019-02-19,0.0243601761,0.0233820841,0.0248935674,0.0233820841
TRX,2019-02-20,0.0248003677,0.0245869235,0.0256944374,0.0244298422
TRX,2019-02-21,0.024592935,0.0247984072,0.0251191369,0.0239181843
TRX,2019-02-22,0.0242386443,0.024593254,0.0250309613,0.0241793337
TRX,2019-02-23,0.0246830601,0.0244221766,0.0247303623,0.0243017396
TRX,2019-02-24,0.0251627345,0.0246827592,0.0252390586,0.0245289431
TRX,2019-02-25,0.0235257366,0.0251600382,0.0272051205,0.0220802278
TRX,2019-02-26,0.0240229896,0.0235251755,0.0243430069,0.023161654
TRX,2019-02-27,0.0239142455,0.0240228252,0.0243272568,0.0234866263
TRX,2019-02-28,0.0237172162,0.0240278434,0.0240807741,0.0231807941
TRX,2019-03-01,0.023547736,0.0237185008,0.0239567831,0.0232573838
TRX,2019-03-02,0.0235320857,0.0235473602,0.0236282816,0.0233284499
TRX,2019-03-03,0.0225830005,0.0235322297,0.0235506698,0.0221551032
TRX,2019-03-04,0.0224329854,0.0225829464,0.022868475,0.0223276761
TRX,2019-03-05,0.0223600885,0.022433034,0.022922108,0.0205035489
TRX,2019-03-06,0.0235863252,0.0226657831,0.0237723431,0.0219232984
TRX,2019-03-07,0.0231333807,0.0235835654,0.0237249768,0.0228142177
TRX,2019-03-08,0.0229424682,0.0231337571,0.0234202895,0.0227680228
TRX,2019-03-09,0.0222714465,0.0229424682,0.0229574985,0.0221059649
TRX,2019-03-10,0.0227021875,0.0222122671,0.0227765535,0.0219285187
TRX,2019-03-11,0.0227785294,0.0226725203,0.0229864466,0.0222498642
TRX,2019-03-12,0.0219588543,0.0227703456,0.0229039955,0.0217602107
TRX,2019-03-13,0.0221884457,0.0219588544,0.022419944,0.0215092016
TRX,2019-03-14,0.022109814,0.0221771977,0.0223063037,0.0217238665
TRX,2019-03-15,0.022263731,0.0221098138,0.0227763848,0.0219476996
TRX,2019-03-16,0.0227543228,0.0222637028,0.0229250128,0.0221568003
TRX,2019-03-17,0.0230307928,0.022754351,0.0234089815,0.0226934633
TRX,2019-03-18,0.0228229344,0.0230174039,0.023041532,0.0225924926
TRX,2019-03-19,0.022560897,0.022822899,0.023109906,0.0222992483
TRX,2019-03-20,0.022584701,0.0226833246,0.0227549784,0.0223334537
TRX,2019-03-21,0.0227009925,0.0225848509,0.0227689805,0.0223733473
TRX,2019-03-22,0.0221376037,0.0227193228,0.0228017764,0.021927979
TRX,2019-03-23,0.0225140138,0.0221369482,0.0226526896,0.0220850169
TRX,2019-03-24,0.0240622128,0.0224582918,0.0243315645,0.0223959307
TRX,2019-03-25,0.023239111,0.0240622128,0.0242979766,0.0228006843
TRX,2019-03-26,0.0225493246,0.023239111,0.0232990397,0.022062215
TRX,2019-03-27,0.0223246327,0.0225493246,0.0226024625,0.0218486673
TRX,2019-03-28,0.0232706679,0.0223222474,0.0233327715,0.0221484526
TRX,2019-03-29,0.0230130094,0.0232706679,0.0234073942,0.0227228804
TRX,2019-03-30,0.0232450394,0.0230130094,0.0238059833,0.0228343488
TRX,2019-03-31,0.0231908566,0.0233062326,0.0235419271,0.0227417913
TRX,2019-04-01,0.0235422856,0.0231908566,0.0235494675,0.0230928547
TRX,2019-04-02,0.024344689,0.0235422856,0.0249984301,0.0232626486
TRX,2019-04-03,0.0266677692,0.024344689,0.0267899997,0.0241445633
TRX,2019-04-04,0.0268288295,0.0266677692,0.0293784414,0.026584454
TRX,2019-04-05,0.0256409788,0.0261921213,0.0269678469,0.0250488277
TRX,2019-04-06,0.027161053,0.0256404573,0.0275554122,0.0256188743
TRX,2019-04-07,0.0266484739,0.0271497222,0.0275093537,0.0263497317
TRX,2019-04-08,0.0286634459,0.0266484739,0.0294548087,0.0265327303
TRX,2019-04-09,0.0305207528,0.0286634459,0.0316914815,0.0275392669
TRX,2019-04-10,0.0301237009,0.030520233,0.0311403828,0.0289414953
TRX,2019-04-11,0.0299229042,0.0301216262,0.0309588197,0.0296109967
TRX,2019-04-12,0.0268222266,0.0301172461,0.0301320741,0.0256424172
TRX,2019-04-13,0.0265535392,0.0267828353,0.027205243,0.025551283
TRX,2019-04-14,0.0261106568,0.0265535392,0.0269077804,0.0259047625
TRX,2019-04-15,0.0269804445,0.0261621742,0.0270328618,0.0259519982
TRX,2019-04-16,0.0261992389,0.0269780486,0.0275807153,0.0258144806
TRX,2019-04-17,0.0267608669,0.0261992389,0.0269734372,0.0259732731
TRX,2019-04-18,0.026659397,0.0267608669,0.0269642567,0.0263883656
TRX,2019-04-19,0.0267990879,0.026575835,0.0271843374,0.0265624193
TRX,2019-04-20,0.0269133025,0.0268323181,0.0270657429,0.0260721623
TRX,2019-04-21,0.0267417938,0.0269133025,0.0270522712,0.0264538355
TRX,2019-04-22,0.0256979107,0.0267417938,0.0269043687,0.0251045441
TRX,2019-04-23,0.0257537371,0.0258484399,0.0260624129,0.0253526093
TRX,2019-04-24,0.0252339357,0.0257537371,0.025952828,0.0251288479
TRX,2019-04-25,0.0241825616,0.0252339357,0.0253082146,0.0239139583
TRX,2019-04-26,0.0242114014,0.0241825616,0.0258678509,0.0236395345
TRX,2019-04-27,0.0240568072,0.0238015608,0.024601103,0.0230850914
TRX,2019-04-28,0.0238325543,0.0240568072,0.0241745941,0.0234708258
TRX,2019-04-29,0.0235954303,0.0238325543,0.0239283479,0.0235381073
TRX,2019-04-30,0.0228451909,0.0236499071,0.0237204487,0.0223404073
TRX,2019-05-01,0.0237958495,0.0228451909,0.0238621617,0.0227632218
TRX,2019-05-02,0.0237435199,0.0237958495,0.0239653167,0.0232738014
TRX,2019-05-03,0.0236829175,0.0236637103,0.0238533942,0.0234522166
TRX,2019-05-04,0.0240401719,0.0236829175,0.0243597053,0.0234066682
TRX,2019-05-05,0.0236838349,0.0241052458,0.0246642783,0.0231861875
TRX,2019-05-06,0.0235671512,0.023471116,0.0237717144,0.0232845352
TRX,2019-05-07,0.0242381502,0.0235671512,0.024407046,0.0232093346
TRX,2019-05-08,0.0245041974,0.0242381502,0.0245187067,0.0238163138
TRX,2019-05-09,0.0247231191,0.0240833238,0.0251208413,0.0238059383
TRX,2019-05-10,0.0238247501,0.0247231191,0.0248494128,0.0236333314
TRX,2019-05-11,0.0243461378,0.0238267981,0.0244105317,0.0231687657
TRX,2019-05-12,0.0260935046,0.0242391271,0.0261000966,0.0239531701
TRX,2019-05-13,0.0245655521,0.0254415941,0.0259541106,0.0239558796
TRX,2019-05-14,0.0249536581,0.024565556,0.025818483,0.0243740342
TRX,2019-05-15,0.0273249968,0.0249536581,0.0282920271,0.0245526264
TRX,2019-05-16,0.0304826179,0.027897442,0.0304851123,0.0267303641
TRX,2019-05-17,0.0296634883,0.0304821452,0.0333356039,0.0281427184
TRX,2019-05-18,0.0279639814,0.0296634883,0.0302713793,0.0252897908
TRX,2019-05-19,0.027937404,0.0279639814,0.0288877083,0.0271926238
TRX,2019-05-20,0.0292132282,0.0275774315,0.0293040669,0.027512771
TRX,2019-05-21,0.0278040218,0.0292132282,0.0293943946,0.0233750679
TRX,2019-05-22,0.0285723218,0.027805531,0.0299838106,0.0274727461
TRX,2019-05-23,0.0270331053,0.0285719789,0.0290097094,0.0261685204
TRX,2019-05-24,0.0271325124,0.0270335567,0.0274063737,0.025761537
TRX,2019-05-25,0.0278003956,0.0271104476,0.0284475752,0.0267918065
TRX,2019-05-26,0.0279783522,0.0277179194,0.0289440424,0.0275239511
TRX,2019-05-27,0.0311994722,0.0279784308,0.0320747906,0.0271842837
TRX,2019-05-28,0.0348493495,0.0311970038,0.036581158,0.0309853348
TRX,2019-05-29,0.0345878811,0.0349930698,0.0369099799,0.0326128303
TRX,2019-05-30,0.0340827932,0.0346018751,0.0348862624,0.0319416363
TRX,2019-05-31,0.030909531,0.0337244993,0.0358311197,0.029706583
TRX,2019-06-01,0.0323530454,0.0309083673,0.0325698076,0.0184778099
TRX,2019-06-02,0.0379699052,0.032356126,0.0392878607,0.0323298207
TRX,2019-06-03,0.0390371757,0.0379712731,0.0410363065,0.0030532959
TRX,2019-06-04,0.0367199217,0.0390427706,0.0396571318,0.0193778718
TRX,2019-06-05,0.0341650944,0.0337340398,0.0360635437,0.0024755472
TRX,2019-06-06,0.0339601387,0.034165018,0.0357936532,0.0241665376
TRX,2019-06-07,0.0324627867,0.034029924,0.0342422395,0.0215112398
TRX,2019-06-08,0.0338182303,0.0324358465,0.0345383569,0.0212729697
TRX,2019-06-09,0.0322928629,0.033818038,0.0340387084,0.0043997091
TRX,2019-06-10,0.0294371492,0.0321675828,0.0324128223,0.0032197765
TRX,2019-06-11,0.0312751777,0.0294371795,0.0318461989,0.0273525252
TRX,2019-06-12,0.03127764,0.0316308017,0.0316801524,0.0201680999
TRX,2019-06-13,0.0329205507,0.0312772155,0.0333630592,0.0219242904
TRX,2019-06-14,0.0327138825,0.0335933628,0.0338186992,0.021860487
TRX,2019-06-15,0.0320201147,0.032716013,0.032791453,0.0205415718
TRX,2019-06-16,0.0324938557,0.0319985459,0.0329665491,0.0061959027
TRX,2019-06-17,0.0329784484,0.032494587,0.0337388323,0.0224586731
TRX,2019-06-18,0.0338976886,0.0329795396,0.0340788646,0.0318900488
TRX,2019-06-19,0.0326629996,0.0339158787,0.034132786,0.0320693064
TRX,2019-06-20,0.0333499497,0.0326624954,0.0336986245,0.0212810332
TRX,2019-06-21,0.0325609899,0.0333514458,0.033630418,0.0193524624
TRX,2019-06-22,0.0331465681,0.0325605001,0.0338549903,0.0197625937
TRX,2019-06-23,0.0360438385,0.033168967,0.0377456197,0.0330117407
TRX,2019-06-24,0.0376186528,0.0360384282,0.0386226456,0.0357559168
TRX,2019-06-25,0.0381078512,0.0376233943,0.0394645544,0.0258300794
TRX,2019-06-26,0.0385961732,0.0381206152,0.0403420992,0.0372559533
TRX,2019-06-27,0.0360641534,0.0386239559,0.0397289471,0.0341313941
TRX,2019-06-28,0.0320435657,0.0360650888,0.0371838747,0.0296801892
TRX,2019-06-29,0.0333904119,0.0320386496,0.0336797241,0.0314411616
TRX,2019-06-30,0.0348515652,0.0336419437,0.0353453006,0.0319954119
TRX,2019-07-01,0.032259053,0.0348522761,0.0354107838,0.0320063815
TRX,2019-07-02,0.0322252291,0.0322576255,0.0333287419,0.0306224824
TRX,2019-07-03,0.0320227486,0.0322267434,0.0328575713,0.0302709065
TRX,2019-07-04,0.0326400218,0.0319583098,0.0328062182,0.0316811472
TRX,2019-07-05,0.0319442319,0.0326399343,0.0329538896,0.0315767183
TRX,2019-07-06,0.03179008,0.0312637435,0.0322927539,0.0308141775
TRX,2019-07-07,0.0319923792,0.0318019066,0.0330758114,0.0316568865
TRX,2019-07-08,0.0347262276,0.0319903544,0.0356379604,0.0318868349
TRX,2019-07-09,0.0339797671,0.0347289001,0.0357114722,0.033417588
TRX,2019-07-10,0.0344181998,0.0339785744,0.0350959883,0.0335478676
TRX,2019-07-11,0.0319013777,0.0342515534,0.0345894655,0.0310362902
TRX,2019-07-12,0.0277755739,0.0319041403,0.0321545344,0.0270317169
TRX,2019-07-13,0.0294389594,0.0277787101,0.0297170558,0.0275489337
TRX,2019-07-14,0.028220223,0.0294393244,0.0296476615,0.0275094692
TRX,2019-07-15,0.0261424732,0.0284308701,0.0293315857,0.0255920495
TRX,2019-07-16,0.0254420445,0.0261334189,0.0261335508,0.0237325774
TRX,2019-07-17,0.0215811808,0.0254413198,0.0256333791,0.0205278683
TRX,2019-07-18,0.0229448329,0.0215863424,0.0239528201,0.0203946223
TRX,2019-07-19,0.0257150762,0.0228042306,0.0261297366,0.0222823344
TRX,2019-07-20,0.0276605914,0.0257150479,0.0277237545,0.0247723454
TRX,2019-07-21,0.0301295325,0.0281060076,0.0307512221,0.0275954368
TRX,2019-07-22,0.0285480451,0.0301235619,0.0303335861,0.0270804248
TRX,2019-07-23,0.0263499077,0.0285472769,0.0300310304,0.0260210228
TRX,2019-07-24,0.0240630511,0.0263547022,0.0273803211,0.0219522344
TRX,2019-07-25,0.0235042184,0.0242313075,0.0247003655,0.0225379117
TRX,2019-07-26,0.0229287003,0.0235044765,0.0245264138,0.02268424
TRX,2019-07-27,0.0231236797,0.0229424688,0.0235354119,0.022241966
TRX,2019-07-28,0.0218251761,0.023121862,0.0237936346,0.0215355943
TRX,2019-07-29,0.0219801025,0.0219257007,0.022681526,0.0212284004
TRX,2019-07-30,0.0219805768,0.0223198632,0.0226812442,0.0216522246
TRX,2019-07-31,0.0220588465,0.0219809022,0.0223605579,0.0216167731
TRX,2019-08-01,0.0222922306,0.0220592386,0.0227269069,0.0220192579
TRX,2019-08-02,0.0220842228,0.0222859213,0.022495107,0.0218073735
TRX,2019-08-03,0.0218671205,0.0220852085,0.0222378693,0.0214510978
TRX,2019-08-04,0.0219292266,0.0218673091,0.0219628782,0.0215136052
TRX,2019-08-05,0.0222026414,0.0219291377,0.0228393974,0.0213732831
TRX,2019-08-06,0.0228611105,0.022205416,0.0234176813,0.0220581803
TRX,2019-08-07,0.021643348,0.0228631448,0.022968501,0.021498476
TRX,2019-08-08,0.0216609516,0.021639123,0.0221475872,0.0214149473
TRX,2019-08-09,0.0218507093,0.0216605923,0.0223504147,0.0215153166
TRX,2019-08-10,0.0198427404,0.0218516237,0.0220561536,0.0192871717
TRX,2019-08-11,0.0202801655,0.0198426622,0.0207213813,0.0193618066
TRX,2019-08-12,0.0206947645,0.0203535676,0.0211108548,0.0199017803
TRX,2019-08-13,0.0205970997,0.0206946344,0.0211713339,0.0203195765
TRX,2019-08-14,0.0202247015,0.0205839987,0.0207516337,0.019947125
TRX,2019-08-15,0.0181817777,0.0204591146,0.0204754553,0.0176407279
TRX,2019-08-16,0.0175022204,0.0181825857,0.0181874503,0.0167566723
TRX,2019-08-17,0.0169608147,0.0174809468,0.0176500725,0.0164057579
TRX,2019-08-18,0.0170378907,0.0169617207,0.017308281,0.0166664186
TRX,2019-08-19,0.017753516,0.0168929278,0.0183172291,0.0166964599
TRX,2019-08-20,0.0179259476,0.0177535931,0.0183211506,0.0175924016
TRX,2019-08-21,0.0175669678,0.0179529969,0.0180724874,0.0172609153
TRX,2019-08-22,0.0166941929,0.0175682282,0.0175994406,0.0163117286
TRX,2019-08-23,0.0176488944,0.0166950591,0.017991912,0.016586062
TRX,2019-08-24,0.0180307831,0.0173181705,0.018364936,0.0173057359
TRX,2019-08-25,0.0177256031,0.0180100612,0.0182063977,0.0173481698
TRX,2019-08-26,0.0176617287,0.0177247856,0.018316766,0.017420905
TRX,2019-08-27,0.0176893804,0.0174936287,0.0180429033,0.0173904597
TRX,2019-08-28,0.0175722131,0.0176873061,0.0177589189,0.0172949155
TRX,2019-08-29,0.0160061402,0.0175968299,0.0176517283,0.0153154919
TRX,2019-08-30,0.015437733,0.0160060935,0.0160661539,0.0150286759
TRX,2019-08-31,0.0155675892,0.0154437173,0.0157767426,0.0151505602
TRX,2019-09-01,0.0156283895,0.0155677026,0.0156529702,0.0151138884
TRX,2019-09-02,0.0156236014,0.0156281339,0.0157246822,0.0153458457
TRX,2019-09-03,0.0157914816,0.0156241054,0.0162243283,0.0151869543
TRX,2019-09-04,0.0159683112,0.0159304232,0.0162158371,0.0156851951
TRX,2019-09-05,0.0154682577,0.0159684646,0.0160399849,0.0154188741
TRX,2019-09-06,0.0149066447,0.0154696608,0.0156016244,0.0142678944
TRX,2019-09-07,0.0141971557,0.0149071433,0.015153529,0.0138863759
TRX,2019-09-08,0.0154588546,0.0141959396,0.0157440691,0.014104211
TRX,2019-09-09,0.0157347073,0.0153582403,0.0162023405,0.0151927707
TRX,2019-09-10,0.0157607263,0.0157339389,0.0161046786,0.0151260187
TRX,2019-09-11,0.0155566981,0.0157607266,0.0161745332,0.0153356363
TRX,2019-09-12,0.0148154952,0.0155940859,0.0157544889,0.0147754559
TRX,2019-09-13,0.0148335042,0.0148156401,0.0149719441,0.0144223097
TRX,2019-09-14,0.0153705796,0.014833511,0.0154983592,0.0146823317
TRX,2019-09-15,0.0158513452,0.0153707806,0.0159604889,0.0151757889
TRX,2019-09-16,0.015491674,0.0158022186,0.0159587499,0.0153964898
TRX,2019-09-17,0.015753804,0.0154916706,0.0158195047,0.0152871796
TRX,2019-09-18,0.016959291,0.0157537942,0.0175048311,0.0156482789
TRX,2019-09-19,0.0180071714,0.0169590241,0.0186035678,0.0166666929
TRX,2019-09-20,0.0175918873,0.0179212895,0.017975466,0.0164150863
TRX,2019-09-21,0.0172135018,0.0175921604,0.0176818642,0.0169515607
TRX,2019-09-22,0.0181355879,0.0172135406,0.0186458413,0.0171142997
TRX,2019-09-23,0.016911213,0.0181354481,0.0182675694,0.0164337414
TRX,2019-09-24,0.0160975352,0.0169112183,0.0170794222,0.0158153934
TRX,2019-09-25,0.0128158623,0.0160885418,0.0162632404,0.0115363574
TRX,2019-09-26,0.0130318835,0.0125966614,0.0136041198,0.0122486987
TRX,2019-09-27,0.0129827214,0.0130254125,0.0135537078,0.0120506785
TRX,2019-09-28,0.0136686231,0.0129837908,0.0139297591,0.0125965417
TRX,2019-09-29,0.0135424216,0.0136676131,0.0137817921,0.0132311565
TRX,2019-09-30,0.0134609232,0.0135428594,0.0136547457,0.0127682746
TRX,2019-10-01,0.014394372,0.0132844681,0.0151190593,0.0128384461
TRX,2019-10-02,0.0141224731,0.0145565612,0.0148817449,0.0137538736
TRX,2019-10-03,0.0142759488,0.01412328,0.0143931705,0.013694835
TRX,2019-10-04,0.0143001624,0.0142759288,0.0144638463,0.0139165156
TRX,2019-10-05,0.0146150624,0.0143141778,0.014795678,0.0139718087
TRX,2019-10-06,0.0150962207,0.0146150232,0.0151186401,0.0143558416
TRX,2019-10-07,0.0145619193,0.0151121508,0.0154299172,0.0144163963
TRX,2019-10-08,0.0162629391,0.0145625338,0.0165441016,0.0143669509
TRX,2019-10-09,0.0170624096,0.0162629912,0.0170696062,0.0158332318
TRX,2019-10-10,0.0169338039,0.016931217,0.0175177237,0.0165063342
TRX,2019-10-11,0.0163429907,0.0169338208,0.0170264411,0.0159679498
TRX,2019-10-12,0.0158677572,0.0163429775,0.016736673,0.0155512289
TRX,2019-10-13,0.0157033637,0.015867733,0.0161325005,0.0156065401
TRX,2019-10-14,0.0161203071,0.0156804627,0.0163489771,0.01561197
TRX,2019-10-15,0.0166326631,0.0161203045,0.0167330288,0.0159800905
TRX,2019-10-16,0.0155921131,0.016707,0.0168235392,0.0153846
TRX,2019-10-17,0.0151794891,0.0156499466,0.0158386119,0.0145426659
TRX,2019-10-18,0.0152586691,0.0151796027,0.0154356355,0.0145118284
TRX,2019-10-19,0.0154016321,0.015258632,0.0155846931,0.0145785338
TRX,2019-10-20,0.0154561133,0.0153680291,0.015796539,0.0151408659
TRX,2019-10-21,0.0154835032,0.015456427,0.0155838237,0.01502963
TRX,2019-10-22,0.0155652958,0.0155157633,0.0157111259,0.0153084371
TRX,2019-10-23,0.0151329979,0.0155652463,0.0156700044,0.0151000843
TRX,2019-10-24,0.0141616791,0.015138804,0.0151840713,0.0136495302
TRX,2019-10-25,0.015213273,0.0141615474,0.0153858169,0.0141207315
TRX,2019-10-26,0.0172914041,0.0151697891,0.0177428461,0.0149788251
TRX,2019-10-27,0.0164161872,0.0172924407,0.0183501085,0.0157992066
TRX,2019-10-28,0.0193915272,0.0166490298,0.019896436,0.0161537791
TRX,2019-10-29,0.0207577264,0.0193910566,0.0222329054,0.0190381066
TRX,2019-10-30,0.0221765859,0.0207580511,0.0225994036,0.0199135264
TRX,2019-10-31,0.0200836318,0.0221775057,0.0229871672,0.0197791812
TRX,2019-11-01,0.0196028025,0.0200836775,0.0205333243,0.0190514175
TRX,2019-11-02,0.0196568024,0.0196037506,0.020079567,0.019220931
TRX,2019-11-03,0.0198013779,0.0196405349,0.0202089275,0.0195936693
TRX,2019-11-04,0.0196274845,0.0198015215,0.0200949877,0.0192901316
TRX,2019-11-05,0.0197068385,0.0196343495,0.0201742989,0.018466536
TRX,2019-11-06,0.0197931969,0.0198096956,0.0200440643,0.0193174379
TRX,2019-11-07,0.0201017151,0.0197926257,0.0207450489,0.0195814947
TRX,2019-11-08,0.0195677877,0.0201013236,0.0201856361,0.0189042684
TRX,2019-11-09,0.0187944985,0.0194978616,0.0197419146,0.01830806
TRX,2019-11-10,0.0189502411,0.0187950089,0.0191001608,0.0186736017
TRX,2019-11-11,0.0193990865,0.0189497763,0.0198343665,0.0188550648
TRX,2019-11-12,0.0191013834,0.0193976343,0.0194471835,0.0186251341
TRX,2019-11-13,0.0195783033,0.0191013834,0.0197769401,0.018928499
TRX,2019-11-14,0.0199609014,0.0195776448,0.0201860494,0.0192817271
TRX,2019-11-15,0.0193065222,0.0200878895,0.0202093177,0.0189289522
TRX,2019-11-16,0.0186367028,0.0193065222,0.0195490361,0.0182433793
TRX,2019-11-17,0.0186677397,0.0186363512,0.0187528519,0.0184659487
TRX,2019-11-18,0.0188156067,0.0186677397,0.0189744161,0.018262642
TRX,2019-11-19,0.0171893214,0.0187465913,0.0187545949,0.0166337558
TRX,2019-11-20,0.0169566304,0.0171893346,0.0172264493,0.0162820373
TRX,2019-11-21,0.0164941495,0.0169218369,0.0170904023,0.0163299229
TRX,2019-11-22,0.0153457176,0.0164937632,0.0166284241,0.0144476424
TRX,2019-11-23,0.0143524919,0.0153456681,0.0155872464,0.0132249562
TRX,2019-11-24,0.0149436718,0.0143380743,0.015019796,0.0139700913
TRX,2019-11-25,0.0141077389,0.0149448676,0.0151840821,0.0136855508
TRX,2019-11-26,0.0143954951,0.0137191678,0.0147546244,0.0130996307
TRX,2019-11-27,0.0153601507,0.0143959387,0.0154458751,0.014034473
TRX,2019-11-28,0.0160685129,0.0153610073,0.016421213,0.0143874716
TRX,2019-11-29,0.0157201425,0.0160680252,0.0162933193,0.0156784512
TRX,2019-11-30,0.0161134117,0.0157206642,0.0163591759,0.015629364
TRX,2019-12-01,0.0154951286,0.0161533503,0.0162075552,0.0152912739
TRX,2019-12-02,0.0159104203,0.0154952698,0.0161336807,0.0149947024
TRX,2019-12-03,0.0152937828,0.0158958215,0.0160545056,0.0150933757
TRX,2019-12-04,0.0152673302,0.0152423326,0.0155482475,0.0151259194
TRX,2019-12-05,0.0142851026,0.0152675671,0.0153179751,0.0140255497
TRX,2019-12-06,0.0145129134,0.0142865774,0.0147107887,0.0141700327
TRX,2019-12-07,0.0146653798,0.0145100785,0.0147981624,0.0143234679
TRX,2019-12-08,0.014578104,0.0146653652,0.014892439,0.0144766903
TRX,2019-12-09,0.0146631003,0.0145781488,0.0147412177,0.0143375349
TRX,2019-12-10,0.0143407784,0.0146635136,0.0147178333,0.0142038965
TRX,2019-12-11,0.01406327,0.0143406038,0.0144002112,0.0139363396
TRX,2019-12-12,0.0140559526,0.0140634645,0.0142776598,0.0139464968
TRX,2019-12-13,0.0137455993,0.0141527844,0.0142283048,0.0132587974
TRX,2019-12-14,0.0140338295,0.0137621033,0.0142468281,0.0136116244
TRX,2019-12-15,0.013894745,0.0140338345,0.0147808884,0.0137551513
TRX,2019-12-16,0.0139550126,0.0138947508,0.0141948757,0.0137071245
TRX,2019-12-17,0.0134133441,0.0139549805,0.0139687832,0.0130667789
TRX,2019-12-18,0.0123072827,0.0134136159,0.0134246523,0.0121801696
TRX,2019-12-19,0.0135080772,0.0123158538,0.013650359,0.0120503729
TRX,2019-12-20,0.0129754216,0.0133807426,0.0135027431,0.0126619515
TRX,2019-12-21,0.0133263341,0.0129752195,0.0134302333,0.0128037085
TRX,2019-12-22,0.0137360282,0.0133263766,0.0137886883,0.0131778533
TRX,2019-12-23,0.014533567,0.0137360115,0.0147984618,0.0137044452
TRX,2019-12-24,0.0134836857,0.0145410773,0.0149551834,0.0133701264
TRX,2019-12-25,0.0135345574,0.01348426,0.013629256,0.0131111495
TRX,2019-12-26,0.0132483304,0.0135343758,0.0136027723,0.0129459302
TRX,2019-12-27,0.0133841338,0.013248246,0.0138513479,0.0130165829
TRX,2019-12-28,0.0131883124,0.0133840561,0.0133858531,0.0129723366
TRX,2019-12-29,0.0135034038,0.013188465,0.0137203326,0.0131726783
TRX,2019-12-30,0.013758912,0.0135034542,0.0138449707,0.0133126785
TRX,2019-12-31,0.0132751242,0.013683933,0.0139255849,0.0131859794
TRX,2020-01-01,0.0132412771,0.0132752985,0.0134915989,0.0130740852
TRX,2020-01-02,0.0132074589,0.0132472051,0.0133712739,0.0131149194
TRX,2020-01-03,0.0128051284,0.0132072105,0.0132114297,0.0127645114
TRX,2020-01-04,0.0133873007,0.0128051284,0.0135251091,0.0126498191
TRX,2020-01-05,0.013397725,0.013387186,0.0134805021,0.013212382
TRX,2020-01-06,0.0135076607,0.0133888232,0.0138587717,0.013379035
TRX,2020-01-07,0.0144691106,0.013515306,0.0145657781,0.0134783516
TRX,2020-01-08,0.0142942081,0.0144695121,0.0148464357,0.0140768784
TRX,2020-01-09,0.0140724246,0.0142949224,0.0146825173,0.0137866234
TRX,2020-01-10,0.0138904128,0.0140086921,0.0141185038,0.0137269042
TRX,2020-01-11,0.014556553,0.0138906373,0.0148493234,0.0136327258
TRX,2020-01-12,0.014683256,0.0146955356,0.0150661182,0.0144583021
TRX,2020-01-13,0.0148831212,0.0146831206,0.0150770977,0.0144119502
TRX,2020-01-14,0.0146930091,0.0148841416,0.0150859021,0.0145322198
TRX,2020-01-15,0.0167657493,0.0146478853,0.017203774,0.0146387372
TRX,2020-01-16,0.0175834548,0.0167674738,0.0181923179,0.0160497211
TRX,2020-01-17,0.0169535574,0.0175829069,0.0176279612,0.0160538092
TRX,2020-01-18,0.0178868647,0.0169535291,0.0181089771,0.0169138471
TRX,2020-01-19,0.0179027187,0.0178885296,0.0181640541,0.0171954109
TRX,2020-01-20,0.0164768184,0.0179027139,0.0181259921,0.0159846567
TRX,2020-01-21,0.016570112,0.0164772563,0.0167508792,0.0160969705
TRX,2020-01-22,0.0171876731,0.0165702364,0.0173312959,0.0164975816
TRX,2020-01-23,0.0172034264,0.0171875856,0.0175085478,0.0170058342
TRX,2020-01-24,0.0162127764,0.0172034264,0.0174025643,0.0158729586
TRX,2020-01-25,0.0163550249,0.0162265816,0.0165941286,0.0156392855
TRX,2020-01-26,0.0161708157,0.016354944,0.0163863961,0.0159233008
TRX,2020-01-27,0.0167186035,0.0161712889,0.016832968,0.0160010029
TRX,2020-01-28,0.017015443,0.0167184915,0.0172606909,0.0166932396
TRX,2020-01-29,0.0185870057,0.0170234829,0.0189399752,0.0169958375
TRX,2020-01-30,0.0188418033,0.0185871326,0.019765609,0.0183466663
TRX,2020-01-31,0.0197125662,0.0188419409,0.0197780794,0.0177561418
TRX,2020-02-01,0.0188498491,0.0197267655,0.019764382,0.0181358163
TRX,2020-02-02,0.0189873965,0.0188498778,0.0190540897,0.0183806434
TRX,2020-02-03,0.0192087722,0.019063795,0.0198409211,0.0185026948
TRX,2020-02-04,0.0191744398,0.0192088439,0.0197331156,0.0188254801
TRX,2020-02-05,0.0192203658,0.0191894308,0.0194755755,0.0183649235
TRX,2020-02-06,0.020692157,0.0192204149,0.0206972603,0.0191102589
TRX,2020-02-07,0.0223045401,0.0207411429,0.0234882602,0.0198827129
TRX,2020-02-08,0.0219180721,0.0222853311,0.0237667046,0.0212597838
TRX,2020-02-09,0.0218824361,0.0219179833,0.0224753287,0.0202410565
TRX,2020-02-10,0.0219186859,0.0218006618,0.0227396337,0.0213298207
TRX,2020-02-11,0.0221717438,0.0219186345,0.022259213,0.0209289789
TRX,2020-02-12,0.0228547404,0.0221567103,0.0230740488,0.021406871
TRX,2020-02-13,0.0239957673,0.0228549438,0.02432714,0.0227933993
TRX,2020-02-14,0.0238451858,0.0239951673,0.0259528936,0.0224755875
TRX,2020-02-15,0.0263261208,0.0239227275,0.0269462313,0.0236938807
TRX,2020-02-16,0.0236878704,0.0263260761,0.0266669742,0.0227807808
TRX,2020-02-17,0.0219378704,0.0236878845,0.0247824332,0.0201824749
TRX,2020-02-18,0.0212560391,0.0222448746,0.0224953983,0.0200716316
TRX,2020-02-19,0.0226342637,0.0212561036,0.0230062142,0.0205252092
TRX,2020-02-20,0.0206215803,0.0226293564,0.0229033439,0.0195547035
TRX,2020-02-21,0.0199090721,0.0202064496,0.0205614199,0.0188832336
TRX,2020-02-22,0.0198836337,0.0199082643,0.0205949313,0.0196489582
TRX,2020-02-23,0.0200051923,0.0202098506,0.0203225537,0.019677499
TRX,2020-02-24,0.0210388208,0.0200052051,0.0211378891,0.0199834172
TRX,2020-02-25,0.0196855972,0.0210390805,0.0214518696,0.0191465226
TRX,2020-02-26,0.0191901812,0.0196853435,0.0199719532,0.0186712964
TRX,2020-02-27,0.0163788695,0.0191900831,0.0191975163,0.0155511505
TRX,2020-02-28,0.0170151317,0.016378356,0.0175840952,0.0158494458
TRX,2020-02-29,0.0173675989,0.0170136123,0.0173784393,0.0160810948
TRX,2020-03-01,0.0167594504,0.0173671342,0.017438606,0.0165944609
TRX,2020-03-02,0.0165439653,0.0167595455,0.0171207136,0.0160980255
TRX,2020-03-03,0.0174547808,0.016543492,0.0178554283,0.0163550536
TRX,2020-03-04,0.0172883978,0.0175997082,0.0176126915,0.0168994967
TRX,2020-03-05,0.0176418273,0.0172885097,0.0176931946,0.0170227018
TRX,2020-03-06,0.0179322386,0.0176422827,0.0183821965,0.0175420398
TRX,2020-03-07,0.0182402994,0.0179111042,0.0184275226,0.0178867842
TRX,2020-03-08,0.0171012986,0.0182399145,0.0184064572,0.0165018833
TRX,2020-03-09,0.015279983,0.0171020896,0.0171545932,0.0150167268
TRX,2020-03-10,0.0148621878,0.015279969,0.0155421712,0.0140253639
TRX,2020-03-11,0.0152239841,0.0150631193,0.0153930595,0.0145939254
TRX,2020-03-12,0.0148590333,0.0152245331,0.0152890303,0.0141083787
TRX,2020-03-13,0.0101806139,0.0148606501,0.0149652486,0.0097933182
TRX,2020-03-14,0.0104641837,0.010178998,0.0110339593,0.0069289714
TRX,2020-03-15,0.0099388262,0.0104496486,0.0107597621,0.0098152202
TRX,2020-03-16,0.0102199523,0.0099388956,0.0115925488,0.0095601769
TRX,2020-03-17,0.0094519686,0.0102195133,0.0104494649,0.0085082766
TRX,2020-03-18,0.0103081789,0.0094519064,0.0104278515,0.0093957898
TRX,2020-03-19,0.0101318545,0.0103076942,0.0103381787,0.0096701561
TRX,2020-03-20,0.0120002774,0.0101316447,0.0122400634,0.0101079631
TRX,2020-03-21,0.0112005527,0.0120094189,0.0128341359,0.0102210185
TRX,2020-03-22,0.0112147919,0.0112014711,0.011703993,0.0106838442
TRX,2020-03-23,0.0103952664,0.0112147403,0.0116734963,0.0103163217
TRX,2020-03-24,0.011348978,0.0102886712,0.0115642136,0.0100748858
TRX,2020-03-25,0.0115682348,0.0113490094,0.0117674675,0.0111782986
TRX,2020-03-26,0.0113918412,0.0115685621,0.0118329882,0.0110820191
TRX,2020-03-27,0.0117373104,0.0114235222,0.0118164169,0.0112918922
TRX,2020-03-28,0.0117338881,0.0117371191,0.0121419072,0.0115339616
TRX,2020-03-29,0.0114354699,0.0117339287,0.0117345835,0.0107697693
TRX,2020-03-30,0.0107587615,0.011435461,0.0114946665,0.0106954631
TRX,2020-03-31,0.0115949324,0.0106602906,0.0118562209,0.0106365854
TRX,2020-04-01,0.0117110978,0.0115867577,0.0118044328,0.0113711402
TRX,2020-04-02,0.011478989,0.0117127763,0.01173233,0.011143438
TRX,2020-04-03,0.0120506443,0.0114864303,0.0125819852,0.0114600277
TRX,2020-04-04,0.0119736303,0.0119640461,0.0122226119,0.0117553235
TRX,2020-04-05,0.0119610997,0.0119722205,0.0122500745,0.0117367714
TRX,2020-04-06,0.0125821579,0.0120003206,0.012818722,0.0118614568
TRX,2020-04-07,0.0135789299,0.0125821744,0.0136913244,0.0125118086
TRX,2020-04-08,0.0133841067,0.013578925,0.0141032664,0.0131273113
TRX,2020-04-09,0.0137612258,0.0133843042,0.013821104,0.0132005331
TRX,2020-04-10,0.0135399505,0.0137604577,0.0138571409,0.0132074576
TRX,2020-04-11,0.0124302326,0.0135399063,0.0135669998,0.0120287703
TRX,2020-04-12,0.0125429927,0.0124298945,0.0128491009,0.0123091682
TRX,2020-04-13,0.0129659095,0.0125428986,0.0132680098,0.0123441765
TRX,2020-04-14,0.0126797099,0.0129659095,0.0130096335,0.0120550627
TRX,2020-04-15,0.0125076199,0.0126797099,0.0128377635,0.0124146329
TRX,2020-04-16,0.0124076333,0.0125072305,0.012637356,0.0122352766
TRX,2020-04-17,0.013156492,0.012202581,0.0131727898,0.0118197584
TRX,2020-04-18,0.0129507919,0.0131566473,0.0132623005,0.0127549811
TRX,2020-04-19,0.0134766117,0.0129504638,0.0135752953,0.0128722887
TRX,2020-04-20,0.0130750259,0.0134767234,0.0135173327,0.0127978795
TRX,2020-04-21,0.0125095406,0.0130823149,0.0132034145,0.012246677
TRX,2020-04-22,0.0126612043,0.0125092918,0.0127873576,0.0123173727
TRX,2020-04-23,0.0129795444,0.0126611803,0.0131748253,0.0124428156
TRX,2020-04-24,0.0138028607,0.0129796056,0.0139100583,0.0127754243
TRX,2020-04-25,0.0139201181,0.0136188359,0.0143400498,0.013591389
TRX,2020-04-26,0.0139633414,0.0139201231,0.0142984855,0.0134767651
TRX,2020-04-27,0.0141911546,0.0139633298,0.0143183141,0.0138605494
TRX,2020-04-28,0.0145710383,0.0141912751,0.0146630286,0.0141441639
TRX,2020-04-29,0.0152596221,0.0145523781,0.0152938078,0.0143227485
TRX,2020-04-30,0.0161998971,0.0152604751,0.0165610219,0.0150877674
TRX,2020-05-01,0.01547248,0.0161940262,0.0167462472,0.0149961522
TRX,2020-05-02,0.015854945,0.0154725823,0.0163897719,0.015149488
TRX,2020-05-03,0.0164102165,0.0158551413,0.0164715288,0.0157091271
TRX,2020-05-04,0.0160312922,0.0164181442,0.0166576635,0.0156012518
TRX,2020-05-05,0.0163250429,0.0160313599,0.0164289885,0.0151327661
TRX,2020-05-06,0.0159009571,0.0163251355,0.016729295,0.0156804755
TRX,2020-05-07,0.0159266152,0.0159007003,0.0163181569,0.0156346094
TRX,2020-05-08,0.0160926139,0.0159259887,0.0162458435,0.015389314
TRX,2020-05-09,0.0163177814,0.0160922537,0.0165567739,0.0159065055
TRX,2020-05-10,0.0161583016,0.0163184789,0.0166470476,0.0161059508
TRX,2020-05-11,0.0143113682,0.0161576472,0.0162665667,0.0128792446
TRX,2020-05-12,0.0138804184,0.0143110196,0.0145349849,0.0132136893
TRX,2020-05-13,0.0146012999,0.0138797722,0.0150069892,0.0138219547
TRX,2020-05-14,0.0150788472,0.0145836844,0.0153550023,0.0144998037
TRX,2020-05-15,0.0153460581,0.015078769,0.0153881812,0.0147874597
TRX,2020-05-16,0.015021401,0.0152786929,0.0153709942,0.0145588819
TRX,2020-05-17,0.015030546,0.0150214648,0.0151337144,0.0147713336
TRX,2020-05-18,0.014977539,0.0150300886,0.0151979458,0.0148994983
TRX,2020-05-19,0.0153831485,0.0149945366,0.0155851315,0.0149640759
TRX,2020-05-20,0.0154723205,0.0153812262,0.0154948322,0.0150578614
TRX,2020-05-21,0.0150038017,0.0154722323,0.0156187776,0.0146407471
TRX,2020-05-22,0.0143022654,0.0150036658,0.0150859888,0.0138287796
TRX,2020-05-23,0.0150269877,0.0143022474,0.0150851658,0.0140695415
TRX,2020-05-24,0.0150665595,0.0150270519,0.0156903356,0.0147717116
TRX,2020-05-25,0.0147107365,0.01506639,0.0153133273,0.014433382
TRX,2020-05-26,0.014617161,0.0147107146,0.0147349811,0.0140690751
TRX,2020-05-27,0.0145274374,0.0146171433,0.0147697848,0.0142398576
TRX,2020-05-28,0.0146384328,0.0145274374,0.0149665979,0.0144982053
TRX,2020-05-29,0.0150377564,0.0146383483,0.015060086,0.0137277227
TRX,2020-05-30,0.0149895293,0.015037832,0.015344807,0.0148924169
TRX,2020-05-31,0.0163325697,0.0149943274,0.0164489576,0.0149103469
TRX,2020-06-01,0.0157727573,0.0163340932,0.0172201065,0.0154197746
TRX,2020-06-02,0.0169893777,0.0157724096,0.0170488988,0.0156988294
TRX,2020-06-03,0.0163069311,0.0169887657,0.0175551516,0.0154697567
TRX,2020-06-04,0.0168705463,0.0163069311,0.0169675249,0.0159505581
TRX,2020-06-05,0.0168384112,0.016870642,0.0173400575,0.0162520684
TRX,2020-06-06,0.0169574947,0.016845497,0.0173056478,0.0167401169
TRX,2020-06-07,0.0170544452,0.0169572989,0.0171390318,0.0165117509
TRX,2020-06-08,0.0180938664,0.0170544451,0.0182552245,0.0168415408
TRX,2020-06-09,0.0179599651,0.0180938711,0.0186044938,0.017733918
TRX,2020-06-10,0.017574988,0.0179599768,0.0180437718,0.0174303378
TRX,2020-06-11,0.0175927,0.0175749426,0.0176842625,0.0171913202
TRX,2020-06-12,0.0156813233,0.0175926907,0.0177418511,0.0151507765
TRX,2020-06-13,0.016378396,0.0156818061,0.0167050081,0.0156177157
TRX,2020-06-14,0.0167012792,0.0163785317,0.016750189,0.0161000171
TRX,2020-06-15,0.0161963499,0.0167012792,0.016720811,0.0159864236
TRX,2020-06-16,0.0161692615,0.0161963465,0.0162098743,0.0149824132
TRX,2020-06-17,0.0160983197,0.016169439,0.0162729275,0.0159658206
TRX,2020-06-18,0.0161642975,0.0160983136,0.016492345,0.0158092641
TRX,2020-06-19,0.0160426299,0.0161642726,0.0162198634,0.0158025416
TRX,2020-06-20,0.015852354,0.0160422549,0.0161550509,0.0156527501
TRX,2020-06-21,0.0159405172,0.0158508101,0.0160694389,0.0155896056
TRX,2020-06-22,0.0157887465,0.0159406304,0.0160183999,0.0157522805
TRX,2020-06-23,0.0164032713,0.0157884233,0.0164685689,0.0157728923
TRX,2020-06-24,0.0164915016,0.0164034469,0.0167897887,0.0162074831
TRX,2020-06-25,0.0159567863,0.0164915016,0.0168331591,0.0156619856
TRX,2020-06-26,0.0158690474,0.0159568254,0.0161155755,0.015383179
TRX,2020-06-27,0.0158572269,0.0158690763,0.0160281825,0.0156475513
TRX,2020-06-28,0.0154753313,0.0158580127,0.0160022863,0.0148136931
TRX,2020-06-29,0.0157100335,0.0154820821,0.0159794787,0.0152797478
TRX,2020-06-30,0.0161903801,0.0157101301,0.0163640916,0.0157094596
TRX,2020-07-01,0.0164088438,0.0161903798,0.0165770935,0.0161617154
TRX,2020-07-02,0.0168210806,0.0163677555,0.0170311001,0.0162054888
TRX,2020-07-03,0.0165179019,0.0168672406,0.0172616651,0.0161698056
TRX,2020-07-04,0.0166864658,0.0166071327,0.0169040107,0.0165094228
TRX,2020-07-05,0.0167532816,0.0166436741,0.016904796,0.0165838727
TRX,2020-07-06,0.0166466486,0.0168393951,0.0168688951,0.0163474342
TRX,2020-07-07,0.017949791,0.0169096204,0.0181275689,0.0169082057
TRX,2020-07-08,0.0172473022,0.0180264006,0.0181431912,0.0171109726
TRX,2020-07-09,0.0181213116,0.0172197796,0.0181481917,0.0168621662
TRX,2020-07-10,0.0184049436,0.0179351026,0.0191663735,0.0175917378
TRX,2020-07-11,0.0180968502,0.0185482098,0.0186935922,0.0178297037
TRX,2020-07-12,0.0183758861,0.0181426902,0.0188739232,0.0181173401
TRX,2020-07-13,0.0180826964,0.018371714,0.0185364065,0.0179197196
TRX,2020-07-14,0.0174862856,0.0182014294,0.0184194365,0.0170342726
TRX,2020-07-15,0.0176622152,0.0175388645,0.0177758187,0.0170722195
TRX,2020-07-16,0.0175781594,0.0176553284,0.0177787576,0.0174316573
TRX,2020-07-17,0.0170548402,0.017553971,0.0176029323,0.0166572413
TRX,2020-07-18,0.0171701013,0.0171565146,0.0173507722,0.0170110388
TRX,2020-07-19,0.0173759878,0.0171696768,0.0174354047,0.0170062579
TRX,2020-07-20,0.0174276446,0.0174442305,0.017616101,0.0171824811
TRX,2020-07-21,0.017088159,0.0175291255,0.0175953596,0.0169386718
TRX,2020-07-22,0.017616177,0.0171808933,0.0177492138,0.0171455295
TRX,2020-07-23,0.0178276534,0.0176271106,0.0178698132,0.017401657
TRX,2020-07-24,0.0179278042,0.0179681603,0.0180665132,0.0177547756
TRX,2020-07-25,0.0181052549,0.0179489031,0.0182981503,0.0174973689
TRX,2020-07-26,0.0187033297,0.0179750495,0.0188543861,0.0179266725
TRX,2020-07-27,0.0185792999,0.0188094001,0.0194096421,0.0183017091
TRX,2020-07-28,0.0190993108,0.018526263,0.0191861305,0.0176228658
TRX,2020-07-29,0.0191681562,0.0187356722,0.0195419679,0.0181851922
TRX,2020-07-30,0.0195872327,0.019150656,0.0199880699,0.0189669936
TRX,2020-07-31,0.0192746144,0.0191752643,0.019425289,0.0186793531
TRX,2020-08-01,0.0197504681,0.0191958757,0.0198063172,0.0189696171
TRX,2020-08-02,0.0205272556,0.0197151393,0.0208464942,0.0194183172
TRX,2020-08-03,0.0191730165,0.0205088191,0.0213351774,0.0176558045
TRX,2020-08-04,0.019907348,0.0190858737,0.0201604146,0.0187985253
TRX,2020-08-05,0.0204581337,0.0199070012,0.0206994292,0.0198945056
TRX,2020-08-06,0.0202551564,0.0203972066,0.0207710799,0.0200149752
TRX,2020-08-07,0.0202568593,0.0203371937,0.0206124036,0.0199376061
TRX,2020-08-08,0.0199094747,0.0202558695,0.0211676434,0.0189459714
TRX,2020-08-09,0.0203682671,0.0199019864,0.0205904242,0.0196908947
TRX,2020-08-10,0.0204650155,0.0204730578,0.0206609918,0.0201233066
TRX,2020-08-11,0.0214895515,0.020465359,0.0218525719,0.0204368687
TRX,2020-08-12,0.0199394028,0.0215007412,0.0215572687,0.0194155219
TRX,2020-08-13,0.0201792274,0.0201276075,0.0204437355,0.0190140561
TRX,2020-08-14,0.0223870049,0.0202097992,0.0230347643,0.0195573356
TRX,2020-08-15,0.025129829,0.0224273183,0.0258499102,0.0223719571
TRX,2020-08-16,0.0251884017,0.0247876106,0.0255216686,0.0236835498
TRX,2020-08-17,0.0284695809,0.0252738122,0.0285327095,0.024105153
TRX,2020-08-18,0.0307895124,0.0282790592,0.0309750904,0.0267961337
TRX,2020-08-19,0.0296428872,0.0304268351,0.0325115761,0.0285630857
TRX,2020-08-20,0.0265665815,0.0287888847,0.0289702377,0.0255313819
TRX,2020-08-21,0.0272691134,0.0264973189,0.0278057952,0.0264897049
TRX,2020-08-22,0.0248127144,0.0274783611,0.0277331839,0.0241306193
TRX,2020-08-23,0.024997445,0.0242873259,0.0253640148,0.0233634249
TRX,2020-08-24,0.0242538928,0.0251545165,0.0252938647,0.0236555427
TRX,2020-08-25,0.0249368685,0.0243828266,0.0257133278,0.0239226056
TRX,2020-08-26,0.0232144113,0.0251236565,0.0253805522,0.0222146636
TRX,2020-08-27,0.0235817208,0.0230146915,0.0239334917,0.0228427219
TRX,2020-08-28,0.0228772069,0.02370761,0.0245027164,0.0221222724
TRX,2020-08-29,0.0238100254,0.0231038894,0.0243060121,0.0227187459
TRX,2020-08-30,0.0249346808,0.0239564178,0.0252512541,0.0237441875
TRX,2020-08-31,0.0271843451,0.0249399969,0.0282018454,0.0249211108
TRX,2020-09-01,0.0295064603,0.0269804529,0.0298468839,0.025845041
TRX,2020-09-02,0.0347534267,0.0292113361,0.0359145292,0.0281094913
TRX,2020-09-03,0.0352582903,0.0346572941,0.0384017848,0.0314960863
TRX,2020-09-04,0.0432788437,0.0345613562,0.0497269273,0.0341313168
TRX,2020-09-05,0.0366559304,0.0401266426,0.0448137747,0.0327021714
TRX,2020-09-06,0.0289872236,0.0355791536,0.0366756013,0.0279246479
TRX,2020-09-07,0.0309096013,0.0299056642,0.0325595465,0.0280391181
TRX,2020-09-08,0.0318906292,0.0314622755,0.0321195246,0.0287220554
TRX,2020-09-09,0.0337820706,0.0324893529,0.0355327546,0.0316635549
TRX,2020-09-10,0.0339171183,0.0351925028,0.0359424303,0.0337264825
TRX,2020-09-11,0.0332291576,0.0339919017,0.0352109918,0.0326479543
TRX,2020-09-12,0.0337770083,0.0330168483,0.034502966,0.0315214642
TRX,2020-09-13,0.0327718583,0.033548413,0.0336103986,0.0321136828
TRX,2020-09-14,0.0303587674,0.0327613649,0.0328272251,0.0294451595
TRX,2020-09-15,0.0303668385,0.0306697464,0.031453704,0.0301044538
TRX,2020-09-16,0.0280722032,0.0304231052,0.0304386418,0.0279309345
TRX,2020-09-17,0.0265170787,0.0279046106,0.0298823032,0.0261646601
TRX,2020-09-18,0.0279555682,0.026425944,0.0284730743,0.0263565869
TRX,2020-09-19,0.0291955699,0.0281555246,0.0298717941,0.0278137946
TRX,2020-09-20,0.0278052108,0.0290676154,0.0292763953,0.0277057963
TRX,2020-09-21,0.0265510486,0.0276970851,0.0277602843,0.0264483533
TRX,2020-09-22,0.0252882763,0.0269547697,0.0274927991,0.0246126235
TRX,2020-09-23,0.0249690208,0.0249142682,0.0255060672,0.0245797742
TRX,2020-09-24,0.0250118304,0.0250112908,0.0261138425,0.0246701024
TRX,2020-09-25,0.0259131455,0.0248542084,0.0262065432,0.0244761505
TRX,2020-09-26,0.0272739297,0.0262629746,0.0274282895,0.0256217605
TRX,2020-09-27,0.0271396592,0.027162277,0.028845924,0.0270638612
TRX,2020-09-28,0.0264805872,0.0272091025,0.0275087831,0.0259659027
TRX,2020-09-29,0.0267289222,0.0265820258,0.027176743,0.0263762544
TRX,2020-09-30,0.026041062,0.0262423424,0.026400487,0.0254965195
TRX,2020-10-01,0.0261268934,0.0263083452,0.0265821295,0.0257478777
TRX,2020-10-02,0.0255517009,0.0262110861,0.0267396536,0.0250825273
TRX,2020-10-03,0.0260268907,0.0258338325,0.0260910506,0.0239758647
TRX,2020-10-04,0.0277810589,0.0259170063,0.0284619182,0.0257729569
TRX,2020-10-05,0.0262378274,0.0272340907,0.0274376569,0.0258804095
TRX,2020-10-06,0.0264244145,0.0264523589,0.0268371291,0.02596639
TRX,2020-10-07,0.0255593036,0.0264278203,0.0265980884,0.0253624231
TRX,2020-10-08,0.0253967076,0.025550909,0.025617128,0.0250293526
TRX,2020-10-09,0.0257048076,0.0255157363,0.0260154224,0.0249718293
TRX,2020-10-10,0.0262903893,0.025735713,0.0264767046,0.0256130916
TRX,2020-10-11,0.0268050333,0.0262829143,0.0273750344,0.0262795939
TRX,2020-10-12,0.0264511916,0.0264338492,0.0267954088,0.026169261
TRX,2020-10-13,0.0272256156,0.0265532421,0.0278217448,0.0258699088
TRX,2020-10-14,0.0268241143,0.027094303,0.0273148904,0.0265643169
TRX,2020-10-15,0.0266282027,0.0268203678,0.0272125107,0.026333733
TRX,2020-10-16,0.0264996917,0.0268041464,0.0268197371,0.0263481571
TRX,2020-10-17,0.0257887738,0.0265339949,0.0266289591,0.0255691097
TRX,2020-10-18,0.025745114,0.0257434408,0.0260648372,0.0255323458
TRX,2020-10-19,0.0258881457,0.0257663612,0.0260980545,0.0256883024
TRX,2020-10-20,0.0259075276,0.0259531293,0.0261671346,0.0256640111
TRX,2020-10-21,0.0261318674,0.0259055568,0.0291190552,0.0253508607
TRX,2020-10-22,0.0269257255,0.0259296315,0.0272734445,0.0258906223
TRX,2020-10-23,0.0273237508,0.0267066156,0.0275127647,0.0266907602
TRX,2020-10-24,0.026657489,0.0271040233,0.027124574,0.0262498358
TRX,2020-10-25,0.0270595539,0.0266895913,0.0273225454,0.0265732576
TRX,2020-10-26,0.026934066,0.0270731366,0.0272375947,0.0266919579
TRX,2020-10-27,0.0268003845,0.0270186047,0.0274911728,0.0263938346
TRX,2020-10-28,0.0269297086,0.0267820268,0.0271634876,0.0267447259
TRX,2020-10-29,0.0268762956,0.027041656,0.0273946746,0.0266027599
TRX,2020-10-30,0.0264949571,0.0269057613,0.027315048,0.0263993583
TRX,2020-10-31,0.025712695,0.0265753806,0.0266730316,0.0252906035
TRX,2020-11-01,0.0258903364,0.0256351213,0.0266801116,0.0254839067
TRX,2020-11-02,0.025732579,0.0258032341,0.0259535898,0.0255162426
TRX,2020-11-03,0.0245995309,0.0257759448,0.0259112397,0.0244131431
TRX,2020-11-04,0.0243302459,0.0244631696,0.0244998566,0.0230807579
TRX,2020-11-05,0.0242924303,0.024392776,0.0244284458,0.0237671543
TRX,2020-11-06,0.0249879469,0.0242245422,0.0250083099,0.0240493085
TRX,2020-11-07,0.0259838905,0.0249632929,0.026190206,0.0249123634
TRX,2020-11-08,0.0249147485,0.0262055421,0.0267439146,0.0243780306
TRX,2020-11-09,0.0252692931,0.0248612295,0.0256634171,0.0245990227
TRX,2020-11-10,0.0248529441,0.0253696005,0.0256325113,0.0247088197
TRX,2020-11-11,0.0250222164,0.0248008351,0.0253218084,0.0246304491
TRX,2020-11-12,0.0250316801,0.0248528413,0.0253348252,0.0248471083
TRX,2020-11-13,0.0249290402,0.02499458,0.0252336876,0.0247699082
TRX,2020-11-14,0.0253590149,0.024895169,0.025496517,0.0248070721
TRX,2020-11-15,0.0250416988,0.0253936945,0.0254521015,0.0249665637
TRX,2020-11-16,0.025182086,0.0251334755,0.0258331543,0.0249442436
TRX,2020-11-17,0.0255526729,0.0253521633,0.0258345152,0.0251366816
TRX,2020-11-18,0.02631499,0.0255064624,0.0265857635,0.0254607516
TRX,2020-11-19,0.0264376836,0.0265030123,0.0267177742,0.0251486643
TRX,2020-11-20,0.0257752458,0.0267863404,0.0269079851,0.0253053034
TRX,2020-11-21,0.0260571279,0.0258291348,0.026582764,0.0257477919
TRX,2020-11-22,0.0291002964,0.0262926605,0.0298194222,0.0261549796
TRX,2020-11-23,0.0299320991,0.0305099597,0.030749503,0.0275846068
TRX,2020-11-24,0.0314246586,0.0287108829,0.0316317888,0.0282672766
TRX,2020-11-25,0.0343879818,0.0317391414,0.0382703524,0.0314533639
TRX,2020-11-26,0.0331159291,0.0352157787,0.0374558392,0.0328405249
TRX,2020-11-27,0.0294502917,0.03303708,0.0338892944,0.0273192918
TRX,2020-11-28,0.0290893903,0.0294691946,0.030193155,0.0280887554
TRX,2020-11-29,0.0304299193,0.0294210085,0.0312851044,0.0287251256
TRX,2020-11-30,0.0303821107,0.030503498,0.0312701405,0.0295899047
TRX,2020-12-01,0.0322597681,0.0307474312,0.0330877536,0.0302612733
TRX,2020-12-02,0.0307491699,0.0323354144,0.0342307897,0.0292446151
TRX,2020-12-03,0.0310555939,0.0303045531,0.0313610251,0.0297836579
TRX,2020-12-04,0.0315652505,0.0312103909,0.0319824883,0.0307527778
TRX,2020-12-05,0.0296065093,0.0316825754,0.0317465332,0.0295932579
TRX,2020-12-06,0.0304281704,0.0294931074,0.0306344461,0.0291899105
TRX,2020-12-07,0.030562842,0.030563777,0.0310217709,0.0301090207
TRX,2020-12-08,0.0302602544,0.0309189583,0.0310134927,0.029906968
TRX,2020-12-09,0.0282596313,0.0302994081,0.0303164081,0.0282504369
TRX,2020-12-10,0.0287666288,0.027888627,0.0288787069,0.0269922419
TRX,2020-12-11,0.0282058492,0.0287269014,0.0288199667,0.0277315222
TRX,2020-12-12,0.0280757703,0.0281231068,0.0282292958,0.0273994327
TRX,2020-12-13,0.0287765651,0.027787955,0.0288326559,0.0276580217
TRX,2020-12-14,0.0291811004,0.0285548565,0.0296541875,0.0284775958
TRX,2020-12-15,0.0291149641,0.0291834508,0.0292183604,0.0285941677
TRX,2020-12-16,0.0291914012,0.0291172907,0.0295234003,0.0286905952
TRX,2020-12-17,0.0308581769,0.0292015798,0.0309105737,0.0287826216
TRX,2020-12-18,0.0308721743,0.0314562184,0.0325027656,0.0301667388
TRX,2020-12-19,0.0310742855,0.030720541,0.0314296996,0.0300867399
TRX,2020-12-20,0.0314103221,0.0311274266,0.0320096216,0.0308639349
TRX,2020-12-21,0.0310431158,0.0312293132,0.0328756024,0.0303037198
TRX,2020-12-22,0.0297132619,0.0312443691,0.0318427345,0.0289900256
TRX,2020-12-23,0.0284951983,0.0292833896,0.0296036125,0.0277578634
TRX,2020-12-24,0.0246845794,0.0288375503,0.0290305432,0.0237481163
TRX,2020-12-25,0.0272233549,0.0247990706,0.0275600804,0.0241263931
TRX,2020-12-26,0.0281065017,0.027704593,0.0294904296,0.0270929821
TRX,2020-12-27,0.0275938163,0.0285343992,0.028617837,0.0272251242
TRX,2020-12-28,0.0285502263,0.027745484,0.0310033176,0.0265964939
TRX,2020-12-29,0.0292844176,0.028831272,0.0302583649,0.0285333627
TRX,2020-12-30,0.0274251169,0.0295350248,0.0301944329,0.0264686248
TRX,2020-12-31,0.026890354,0.0276244413,0.027788512,0.0264262316
TRX,2021-01-01,0.0266786194,0.0269419685,0.027061585,0.0259812104
TRX,2021-01-02,0.026875259,0.0267567499,0.0273290987,0.0265192809
TRX,2021-01-03,0.0270468919,0.0268598673,0.0278229962,0.0263343886
TRX,2021-01-04,0.0289357381,0.0271437611,0.0291497533,0.0263465376
TRX,2021-01-05,0.0306749903,0.0292519752,0.0319020664,0.0267940633
TRX,2021-01-06,0.0287170517,0.0309573651,0.031192701,0.0269547432
TRX,2021-01-07,0.0305794683,0.0286074148,0.0309751555,0.0278324783
TRX,2021-01-08,0.0313892415,0.0304451289,0.0333827849,0.0300298795
TRX,2021-01-09,0.0301182382,0.0309316384,0.0312600011,0.028730597
TRX,2021-01-10,0.0336811755,0.0303053213,0.0355647258,0.0295233105
TRX,2021-01-11,0.0328757918,0.0338235692,0.0366015704,0.0309579089
TRX,2021-01-12,0.0284178477,0.0327177329,0.0327523796,0.0270325296
TRX,2021-01-13,0.0288525537,0.0289812971,0.0304120835,0.0278706261
TRX,2021-01-14,0.0297696289,0.0287066748,0.0320520129,0.0277671049
TRX,2021-01-15,0.0295985474,0.0307613307,0.0315323829,0.0292188752
TRX,2021-01-16,0.0296923147,0.0301084233,0.0313959034,0.0283004178
TRX,2021-01-17,0.0302067398,0.0297265754,0.0313442101,0.0294718975
TRX,2021-01-18,0.0304014102,0.0301214649,0.0307655202,0.029102362
TRX,2021-01-19,0.0313190461,0.0302508576,0.0322958944,0.0296269841
TRX,2021-01-20,0.0311719048,0.0316367842,0.0322579677,0.0306539931
TRX,2021-01-21,0.0302444394,0.030652101,0.0312219103,0.0291654269
TRX,2021-01-22,0.0278112577,0.0304488235,0.0305828248,0.0276399041
TRX,2021-01-23,0.0288225048,0.0276433305,0.0290416612,0.0263999027
TRX,2021-01-24,0.0290561362,0.0285761993,0.029389155,0.0281154372
TRX,2021-01-25,0.029869201,0.0293106602,0.0307433578,0.0290068652
TRX,2021-01-26,0.0297090438,0.0300350745,0.0327044228,0.0294892624
TRX,2021-01-27,0.0292113881,0.0295213535,0.0299581349,0.0285438639
TRX,2021-01-28,0.0282835748,0.0295240575,0.0295393046,0.0276405675
TRX,2021-01-29,0.0299275755,0.0282902765,0.0300175066,0.0279491625
TRX,2021-01-30,0.0337179739,0.0296278408,0.0421472056,0.0293947643
TRX,2021-01-31,0.0319011795,0.0333450476,0.0336505958,0.030741975
TRX,2021-02-01,0.0316685597,0.0321362648,0.0344509119,0.030995017
TRX,2021-02-02,0.0327860411,0.0315697935,0.0344675006,0.0312093919
TRX,2021-02-03,0.0333759734,0.0330147149,0.0335496798,0.032138418
TRX,2021-02-04,0.0349039661,0.0332551568,0.0352851486,0.0332109099
TRX,2021-02-05,0.0334434012,0.0344933674,0.0347395553,0.0322107621
TRX,2021-02-06,0.0362370693,0.0330837755,0.0366207285,0.0329810334
TRX,2021-02-07,0.0354481751,0.0362029836,0.0364685171,0.0341620498
TRX,2021-02-08,0.0354512016,0.0351565579,0.0374204512,0.0341005924
TRX,2021-02-09,0.0403457712,0.0359716702,0.0418565132,0.0353300201
TRX,2021-02-10,0.0484498082,0.0404653227,0.0507719708,0.0403683983
TRX,2021-02-11,0.0458520928,0.0461242484,0.0498752876,0.0424894021
TRX,2021-02-12,0.0535014696,0.0463245578,0.0535014696,0.0445479561
TRX,2021-02-13,0.0559662714,0.0568128001,0.0578913128,0.0522688542
TRX,2021-02-14,0.0588143124,0.0552859013,0.0612949469,0.0516429208
TRX,2021-02-15,0.0562204517,0.0600939009,0.060292824,0.0523604999
TRX,2021-02-16,0.0517362376,0.0553046136,0.0563760831,0.0459928334
TRX,2021-02-17,0.0512509143,0.0508232394,0.0549850085,0.0493001538
TRX,2021-02-18,0.0529688689,0.052042951,0.0539919306,0.0489132116
TRX,2021-02-19,0.0549943525,0.0525139072,0.0556126753,0.0521522788
TRX,2021-02-20,0.0608875672,0.0549708302,0.0644127234,0.054039031
TRX,2021-02-21,0.0558352277,0.0607237028,0.0636390727,0.0551482067
TRX,2021-02-22,0.0587299912,0.0577231668,0.0613813638,0.0564213544
TRX,2021-02-23,0.0541576062,0.0594168467,0.0596079193,0.0477054912
TRX,2021-02-24,0.044042085,0.0542597623,0.0546310076,0.0382231051
TRX,2021-02-25,0.0469095596,0.0449963073,0.0499248544,0.0432784196
TRX,2021-02-26,0.04646608,0.0480871262,0.0500503619,0.0456877655
TRX,2021-02-27,0.0446617638,0.0452473569,0.0468738393,0.0424745642
TRX,2021-02-28,0.0470919939,0.0451506716,0.0482940112,0.0451175033
TRX,2021-03-01,0.0453702171,0.0466151925,0.0469001292,0.0432668627
TRX,2021-03-02,0.0473396621,0.0456952777,0.0482197069,0.0451631238
TRX,2021-03-03,0.0463910043,0.0478453869,0.0489099451,0.0455145948
TRX,2021-03-04,0.049107136,0.0469510516,0.0497095292,0.0465843644
TRX,2021-03-05,0.0511660479,0.0489069467,0.053486132,0.048467519
TRX,2021-03-06,0.0502925359,0.0514401055,0.0515343894,0.0485557585
TRX,2021-03-07,0.0500796567,0.0502225291,0.0508187283,0.048743168
TRX,2021-03-08,0.0512737844,0.0502065293,0.051749843,0.0499934364
TRX,2021-03-09,0.0523816369,0.0517022061,0.0533110626,0.0502478196
TRX,2021-03-10,0.0531039197,0.053028005,0.0535792296,0.0521793648
TRX,2021-03-11,0.0521569025,0.0532430923,0.0534705198,0.0505544237
TRX,2021-03-12,0.0515412886,0.0514688544,0.0517919476,0.0496949038
TRX,2021-03-13,0.0496769975,0.0515153467,0.0518108726,0.0486890592
TRX,2021-03-14,0.0524101222,0.0499476465,0.0541317785,0.0487953421
TRX,2021-03-15,0.0520290013,0.0527506521,0.0536625435,0.0509466088
TRX,2021-03-16,0.0512483308,0.0510585497,0.0521879373,0.0483178618
TRX,2021-03-17,0.0523215946,0.0507333439,0.053121265,0.0491433318
TRX,2021-03-18,0.054673869,0.0523712502,0.0558714615,0.0519818197
TRX,2021-03-19,0.0538317085,0.0547865804,0.0551922063,0.0529832248
TRX,2021-03-20,0.0591066158,0.0533502939,0.0591810748,0.0521415293
TRX,2021-03-21,0.0614436522,0.0587128507,0.0680954797,0.0586152335
TRX,2021-03-22,0.0635685544,0.0609295918,0.064268092,0.0587087031
TRX,2021-03-23,0.0599454142,0.0633570486,0.066256201,0.05881861
TRX,2021-03-24,0.0584021016,0.0592968535,0.0614888693,0.0575558369
TRX,2021-03-25,0.055854062,0.0585788914,0.0622552692,0.0545158568
TRX,2021-03-26,0.0558623441,0.0557756166,0.0562736853,0.0529215977
TRX,2021-03-27,0.0633248531,0.0552856672,0.0662440309,0.0552825539
TRX,2021-03-28,0.0643951533,0.0646197191,0.0676451531,0.0628386921
TRX,2021-03-29,0.0633838786,0.0635540653,0.0646883906,0.0620003259
TRX,2021-03-30,0.0644723967,0.063697114,0.0658630315,0.0631795627
TRX,2021-03-31,0.0652667038,0.0647847904,0.0667266044,0.0641725926
TRX,2021-04-01,0.0923829941,0.06604485,0.0976494435,0.0655826102
TRX,2021-04-02,0.0862249411,0.0929948252,0.0945020168,0.0823213947
TRX,2021-04-03,0.0916591969,0.085491099,0.0926316864,0.0843717592
TRX,2021-04-04,0.1014027075,0.0923343981,0.1111860246,0.0879717322
TRX,2021-04-05,0.1256160921,0.1015567991,0.1267213102,0.0999906361
TRX,2021-04-06,0.1383103577,0.1276432243,0.1492167739,0.125923722
TRX,2021-04-07,0.126604259,0.1365986489,0.1387774917,0.1110614886
TRX,2021-04-08,0.1124963416,0.1241099504,0.1257978821,0.1037428718
TRX,2021-04-09,0.1204987792,0.1105614904,0.1260973853,0.1100903465
TRX,2021-04-10,0.1173382672,0.123470735,0.1248294421,0.1151297712
TRX,2021-04-11,0.1241252117,0.1159322039,0.1272866069,0.1124790528
TRX,2021-04-12,0.1213495765,0.1264320436,0.1268291583,0.1178196207
TRX,2021-04-13,0.1306965831,0.1220731882,0.1369958438,0.1215009852
TRX,2021-04-14,0.144454671,0.1288116725,0.155148997,0.1286485316
TRX,2021-04-15,0.1398415953,0.1462063978,0.156224022,0.1329359365
TRX,2021-04-16,0.1640431042,0.1404054406,0.1645480489,0.1360561779
TRX,2021-04-17,0.1621516908,0.1643369939,0.1782655205,0.1386216592
TRX,2021-04-18,0.1604240267,0.1612454781,0.180206331,0.1532654247
TRX,2021-04-19,0.1439722993,0.1557673411,0.1572632722,0.1261414635
TRX,2021-04-20,0.133235622,0.1433777207,0.1483416417,0.1303721434
TRX,2021-04-21,0.1315758435,0.1301607615,0.1349784462,0.1172493318
TRX,2021-04-22,0.1250516587,0.1329653991,0.1356676959,0.1241457828
TRX,2021-04-23,0.1120132474,0.1227964832,0.1296774035,0.1093947947
TRX,2021-04-24,0.1048338898,0.1099983248,0.1125980838,0.090732155
TRX,2021-04-25,0.1058191072,0.1093700373,0.1147470959,0.1031236922
TRX,2021-04-26,0.1007955544,0.1027902067,0.1104247555,0.0967871576
TRX,2021-04-27,0.1149317921,0.1018934612,0.1175776522,0.1003119372
TRX,2021-04-28,0.1252303806,0.1174120759,0.1289376878,0.1156073673
TRX,2021-04-29,0.1217640126,0.1261306685,0.1299363959,0.1164083072
TRX,2021-04-30,0.1206693542,0.1228087493,0.1253766573,0.1177964512
TRX,2021-05-01,0.1311503958,0.1213408098,0.1322948486,0.1189786277
TRX,2021-05-02,0.1303336347,0.1322840556,0.133676369,0.1275247272
TRX,2021-05-03,0.1271512124,0.1311508252,0.1321772072,0.1252872746
TRX,2021-05-04,0.1318723091,0.1277363608,0.1363964068,0.1275468687
TRX,2021-05-05,0.1204736573,0.131743283,0.1319177907,0.1190758238
TRX,2021-05-06,0.1421326937,0.1192543427,0.1438857462,0.1178035433
TRX,2021-05-07,0.1547649237,0.1465855395,0.1583474822,0.1377248061
TRX,2021-05-08,0.1409524997,0.1522547549,0.1700940906,0.140296068
TRX,2021-05-09,0.1454187384,0.1478612614,0.1532396459,0.1415779345
TRX,2021-05-10,0.143212855,0.1432757779,0.1460079378,0.1354455602
TRX,2021-05-11,0.1283193097,0.1431405424,0.1483248099,0.1203296897
TRX,2021-05-12,0.1359675291,0.1272923114,0.139667293,0.1215787434
TRX,2021-05-13,0.1269843278,0.1391474225,0.1470851385,0.1255582454
TRX,2021-05-14,0.1208646894,0.1192533112,0.1268923206,0.1073778863
TRX,2021-05-15,0.124690202,0.1216457414,0.1286662707,0.1194748701
TRX,2021-05-16,0.1225583513,0.1249973033,0.1273304513,0.1181194548
TRX,2021-05-17,0.1176344922,0.1207287341,0.1313106076,0.1146625742
TRX,2021-05-18,0.1113416215,0.119609383,0.119967717,0.1085851494
TRX,2021-05-19,0.1177335916,0.112846637,0.1198837471,0.1117698338
TRX,2021-05-20,0.0848821112,0.1164948321,0.1180825049,0.0661196296
TRX,2021-05-21,0.086901443,0.0790884583,0.0935148403,0.0747631855
TRX,2021-05-22,0.0771110228,0.0895258635,0.0933689467,0.0712813511
TRX,2021-05-23,0.0756248807,0.0780749366,0.0793347684,0.0709821359
TRX,2021-05-24,0.062852622,0.0754833455,0.0771697323,0.055738881
TRX,2021-05-25,0.0742336659,0.0629644533,0.0762879504,0.0620199598
TRX,2021-05-26,0.0766889436,0.0771288698,0.0808772172,0.0715485011
TRX,2021-05-27,0.0818742851,0.0772572584,0.0845282907,0.0760716143
TRX,2021-05-28,0.0798952183,0.0832615369,0.0833377167,0.0767322867
TRX,2021-05-29,0.0709739144,0.0795630786,0.0801323336,0.0702825995
TRX,2021-05-30,0.0687498409,0.072105964,0.0744995459,0.0671634788
TRX,2021-05-31,0.0720211298,0.0688495811,0.0733413186,0.0666711331
TRX,2021-06-01,0.0756816366,0.0720075066,0.0763232868,0.0698785935
TRX,2021-06-02,0.0754812383,0.076813836,0.0774501314,0.0736392839
TRX,2021-06-03,0.0775014097,0.0761399977,0.0795633046,0.0745178936
TRX,2021-06-04,0.0813029221,0.0780538643,0.0817532931,0.0771571894
TRX,2021-06-05,0.0779348471,0.0822436974,0.0829159056,0.0737843536
TRX,2021-06-06,0.0747926326,0.0772449448,0.0798980444,0.0742665496
TRX,2021-06-07,0.0765377513,0.075603392,0.0775284219,0.0754111335
TRX,2021-06-08,0.0724981587,0.077506156,0.0786721822,0.0723216886
TRX,2021-06-09,0.0726182903,0.0717525764,0.0733149074,0.0672864979
TRX,2021-06-10,0.0745406816,0.0724968749,0.0751026988,0.0700718614
TRX,2021-06-11,0.0729585206,0.0754233747,0.0766680891,0.0714414305
TRX,2021-06-12,0.0695163537,0.07261183,0.0733473574,0.0688766579
TRX,2021-06-13,0.0682126622,0.0692136392,0.0692311266,0.0659021526
TRX,2021-06-14,0.0717605525,0.0681002463,0.0719307025,0.066656703
TRX,2021-06-15,0.0713292433,0.0715094736,0.0728017942,0.0700149255
TRX,2021-06-16,0.0718762163,0.0720297738,0.0731619929,0.0708389565
TRX,2021-06-17,0.0691466645,0.0717611357,0.0727567822,0.0687835639
TRX,2021-06-18,0.0717771319,0.0689477865,0.0727043866,0.0687275839
TRX,2021-06-19,0.069236365,0.0739067864,0.0747363827,0.0682414275
TRX,2021-06-20,0.0688559479,0.0696870051,0.0702554935,0.0683770835
TRX,2021-06-21,0.0679778429,0.0683223423,0.0687440649,0.0633329537
TRX,2021-06-22,0.0547017832,0.0677000305,0.068036961,0.0546556415
TRX,2021-06-23,0.0510219616,0.0534989933,0.0563985388,0.0468156877
TRX,2021-06-24,0.055084143,0.0510569274,0.0576769445,0.0493985209
TRX,2021-06-25,0.0662095793,0.0579789918,0.067934487,0.0577799121
TRX,2021-06-26,0.061407741,0.0660739694,0.0687235139,0.0601546314
TRX,2021-06-27,0.0619823863,0.0614067489,0.0630154404,0.0589347166
TRX,2021-06-28,0.0637335843,0.0627453867,0.0637829082,0.0610094785
TRX,2021-06-29,0.0651585837,0.064806024,0.0666122589,0.0642344665
TRX,2021-06-30,0.0675105483,0.0653301023,0.0698285828,0.0651449096
TRX,2021-07-01,0.0675700004,0.067907383,0.0687125258,0.0639368233
TRX,2021-07-02,0.065126426,0.068268537,0.0683164114,0.0638054168
TRX,2021-07-03,0.0654185627,0.0647656395,0.0655828612,0.0633613082
TRX,2021-07-04,0.0662445967,0.0665767132,0.0672709667,0.0653257459
TRX,2021-07-05,0.0677119162,0.0668345611,0.0682440782,0.0651018543
TRX,2021-07-06,0.0650991684,0.0673513118,0.0674012374,0.063596781
TRX,2021-07-07,0.0646343015,0.0645036096,0.0663981256,0.0640324896
TRX,2021-07-08,0.0647240833,0.0649510186,0.0660022345,0.064382611
TRX,2021-07-09,0.0604594979,0.0643324252,0.0644951357,0.0603356896
TRX,2021-07-10,0.0624938324,0.0610373655,0.0626049079,0.0591338191
TRX,2021-07-11,0.0612935797,0.0622074712,0.0630460442,0.0606418809
TRX,2021-07-12,0.0620483001,0.0614248169,0.0625432711,0.0606669682
TRX,2021-07-13,0.0602699548,0.0618432661,0.0628498697,0.0595197114
TRX,2021-07-14,0.0592659901,0.0600590989,0.0606855934,0.0586734404
TRX,2021-07-15,0.0600269018,0.0593705484,0.0601286922,0.0568795838
TRX,2021-07-16,0.0583587219,0.059851223,0.0604514897,0.0570785931
TRX,2021-07-17,0.0561271126,0.0578900099,0.0588314974,0.0558988192
TRX,2021-07-18,0.0562230493,0.0556388553,0.0567237803,0.0548033771
TRX,2021-07-19,0.0558193459,0.0560196499,0.0575226589,0.055384782
TRX,2021-07-20,0.0539667069,0.0559485623,0.0562943768,0.0533266145
TRX,2021-07-21,0.0506862915,0.0534545543,0.0542594803,0.0491099983
TRX,2021-07-22,0.0533653674,0.050492981,0.0552389872,0.0497429191
TRX,2021-07-23,0.0546727339,0.053906081,0.0553878776,0.0529703169
TRX,2021-07-24,0.0554715948,0.0552957006,0.0562890643,0.0537333502
TRX,2021-07-25,0.0567676361,0.0560162193,0.0580201837,0.0557535682
TRX,2021-07-26,0.0572278077,0.0573444783,0.0581577954,0.0559009696
TRX,2021-07-27,0.0585937089,0.0579403182,0.0634283463,0.0576816062
TRX,2021-07-28,0.059868759,0.0584459259,0.0606776148,0.0569447797
TRX,2021-07-29,0.0605082609,0.060205018,0.0619433482,0.0596825425
TRX,2021-07-30,0.061596672,0.0607268099,0.0616177108,0.0597021751
TRX,2021-07-31,0.0628351569,0.0618764876,0.0630108845,0.059769143
TRX,2021-08-01,0.064614349,0.063248327,0.0646468269,0.0623396098
TRX,2021-08-02,0.0643181834,0.0640031116,0.0668018218,0.0635577729
