Currency,Date,Closing Price (USD),24h Open (USD),24h High (USD),24h Low (USD)
EOS,2018-06-01,12.234963225,12.4269910999,12.5207922479,12.2105086314
EOS,2018-06-02,12.1463202735,12.2563954925,12.425540344,11.9482267176
EOS,2018-06-03,14.6584092476,12.2370720245,15.6892335496,12.1383453293
EOS,2018-06-04,14.5021675632,14.8526358322,15.4604158146,14.2964613977
EOS,2018-06-05,13.6826959155,14.5359786886,14.863221597,13.2668725082
EOS,2018-06-06,14.1296423914,13.6818299066,14.2654454067,12.8394469065
EOS,2018-06-07,13.909973036,14.181631568,14.3008967043,13.385338359
EOS,2018-06-08,14.673605342,13.909973036,14.684362,13.647785146
EOS,2018-06-09,14.003609802,14.673605342,14.8654976,13.57293278
EOS,2018-06-10,14.154721362,14.003609802,15.014005425,13.966733256
EOS,2018-06-11,11.739040509,14.154721362,14.163717054,11.0512968
EOS,2018-06-12,11.3195404671,10.5800670595,11.366507483,10.5061008924
EOS,2018-06-13,10.0191424566,11.4220640065,11.4267163211,9.9554994097
EOS,2018-06-14,10.1828424501,10.0191400489,10.3054245438,9.14666134
EOS,2018-06-15,11.1070565515,10.0415404363,11.4778048556,9.6945299007
EOS,2018-06-16,10.4685496041,11.2317445189,11.2358019119,10.4567150599
EOS,2018-06-17,10.6614521025,10.4686547661,10.8089138633,10.2085536781
EOS,2018-06-18,10.3995413647,10.5478161193,10.7096951723,10.3804238865
EOS,2018-06-19,10.6016196764,10.320061573,10.7883429245,10.129082865
EOS,2018-06-20,10.6530757836,10.6051607382,10.8261788361,10.4227047194
EOS,2018-06-21,10.5764079171,10.6912338331,10.6992101618,10.3009070487
EOS,2018-06-22,10.3816245878,10.597208533,10.6719671419,10.3259322405
EOS,2018-06-23,9.7921428075,10.3779813252,10.6764455334,9.5757697428
EOS,2018-06-24,9.2366388183,9.6846255966,9.797501232,8.1788974004
EOS,2018-06-25,8.9557271525,9.2363527395,9.2672792585,7.1753773396
EOS,2018-06-26,8.1425425851,8.8769380253,8.9171612624,7.8178440019
EOS,2018-06-27,7.623089346,8.1417475038,8.2091998447,7.5946746476
EOS,2018-06-28,8.0071384946,7.6229930979,8.2498097502,7.2971516895
EOS,2018-06-29,7.4795255445,8.0075714717,8.1473094167,7.4243879487
EOS,2018-06-30,7.8539017855,7.4960373246,7.8983984091,7.0954863194
EOS,2018-07-01,8.0449920749,7.8562612,8.2908316249,7.7350440709
EOS,2018-07-02,8.1499225271,8.1310676424,8.2517457144,7.7712717897
EOS,2018-07-03,9.0039545802,8.1504095587,9.10725719,7.9075483316
EOS,2018-07-04,8.7728790475,8.9984242456,9.4231375948,8.748477174
EOS,2018-07-05,8.8512748867,8.8037364279,9.3700959189,8.4842239732
EOS,2018-07-06,8.8006468795,8.8509988616,9.1730099806,8.6469739756
EOS,2018-07-07,8.621005057,8.839734645,8.8708074,8.3040553111
EOS,2018-07-08,8.5189449447,8.623561357,8.6957145498,8.3781837669
EOS,2018-07-09,8.7803070988,8.5195636,8.9712411016,8.4952812907
EOS,2018-07-10,8.1228483402,8.7803507156,8.7806688823,8.0190017727
EOS,2018-07-11,7.3748997776,8.1244521122,8.1628443175,7.1005579309
EOS,2018-07-12,7.066123335,7.1543638491,7.4046585529,6.7603750184
EOS,2018-07-13,6.6740495278,7.1840468432,7.1846081845,6.5675396872
EOS,2018-07-14,6.89308931,6.9159831,7.2279358256,6.691536432
EOS,2018-07-15,6.9457521914,6.9579292837,7.0917173094,6.7808424792
EOS,2018-07-16,7.3949547119,6.9460977498,7.5199036634,6.8723601501
EOS,2018-07-17,7.9771295929,7.3973059666,8.1563906195,7.2377449268
EOS,2018-07-18,8.8009772149,7.9771321974,8.9418384459,7.8319071998
EOS,2018-07-19,8.6301847794,8.8003917147,9.3303511642,8.4379131126
EOS,2018-07-20,8.4139300531,8.6301580128,8.7645048865,8.1493564147
EOS,2018-07-21,7.9068902062,8.4136819061,8.5170409808,7.7332084875
EOS,2018-07-22,8.1164273556,7.8895681337,8.2405369808,7.6051384467
EOS,2018-07-23,7.8578128208,8.1159615671,8.2617081404,7.7178858714
EOS,2018-07-24,7.9525316127,7.8447147973,8.397575114,7.8062294452
EOS,2018-07-25,8.6015452457,7.9526932445,8.6844209191,7.7181391857
EOS,2018-07-26,8.6990207563,8.5923555141,8.9649995283,8.3477904047
EOS,2018-07-27,8.250567817,8.7015753152,8.859634132,8.2314245021
EOS,2018-07-28,8.5038388029,8.3013294817,8.5113360188,8.0011842594
EOS,2018-07-29,8.2566173922,8.3605633552,8.3991317052,8.1221642129
EOS,2018-07-30,8.2607103691,8.2566967177,8.3811461356,8.1424948571
EOS,2018-07-31,7.8108248732,8.3203291027,8.3451864688,7.4350890779
EOS,2018-08-01,7.2686822306,7.8108975042,7.8270584715,7.1095975931
EOS,2018-08-02,7.1866385205,7.3324557247,7.4000144301,6.8919107909
EOS,2018-08-03,7.0829432075,7.1843581072,7.3306852912,6.9066460166
EOS,2018-08-04,7.1925139865,7.018255997,7.2509128283,6.8663690226
EOS,2018-08-05,7.07538403,7.1926578565,7.3147253954,7.0360591844
EOS,2018-08-06,7.0967273221,7.0736692734,7.1157175953,7.0451266939
EOS,2018-08-07,7.0712780948,7.0967338585,7.1428301684,7.0537017682
EOS,2018-08-08,6.6065805143,7.0713787291,7.1520296137,6.525217998
EOS,2018-08-09,5.7781911636,6.5733558868,6.5734576691,5.706730656
EOS,2018-08-10,5.9712010478,5.7767726548,5.9803171477,5.7458836644
EOS,2018-08-11,5.2202479839,5.9719512317,5.9726338661,5.2016393652
EOS,2018-08-12,5.2147532753,5.1784061604,5.331079035,4.8941106206
EOS,2018-08-13,5.0707258227,5.2147751713,5.2329172361,4.9651098895
EOS,2018-08-14,4.6566497461,5.0707272252,5.1845290135,4.5609128807
EOS,2018-08-15,4.4964266247,4.6562297527,4.7150211304,4.2645435388
EOS,2018-08-16,4.6896412531,4.6625085626,4.9655253452,4.6356135639
EOS,2018-08-17,4.5015845089,4.6896411824,4.8125141343,4.4533473683
EOS,2018-08-18,5.5024874932,4.5086264091,5.5025799215,4.4210977466
EOS,2018-08-19,5.0960981612,5.4922436944,5.6513043807,4.837819517
EOS,2018-08-20,5.3088419727,5.0852650883,5.3881777131,4.9467388932
EOS,2018-08-21,4.784470097,5.3088408328,5.3553281856,4.7557125791
EOS,2018-08-22,4.8838230134,4.6951746948,4.9566865246,4.671523687
EOS,2018-08-23,4.6883312381,4.8830543788,5.3385032107,4.5381458212
EOS,2018-08-24,4.8862601362,4.7193729324,4.9556997719,4.6645077928
EOS,2018-08-25,5.0516773951,4.9007564543,5.1020549453,4.7777661976
EOS,2018-08-26,5.0409076369,5.0428243965,5.067010867,4.9074446298
EOS,2018-08-27,4.9231677498,5.0406516246,5.0655141443,4.8302629674
EOS,2018-08-28,5.2757586181,4.9506795917,5.2757586181,4.9072010907
EOS,2018-08-29,5.9172124925,5.2428302269,5.9790784979,5.2401126014
EOS,2018-08-30,6.2533779522,5.9103455249,6.4713660994,5.789803959
EOS,2018-08-31,6.0442607189,6.1266768907,6.2709471806,5.7616184223
EOS,2018-09-01,6.4247707009,6.0441619217,6.4838875111,5.9307703662
EOS,2018-09-02,6.6417214058,6.4247793567,6.8056891246,6.3707690186
EOS,2018-09-03,6.5259371203,6.6416558241,6.692276341,6.3249468924
EOS,2018-09-04,6.4908943393,6.5260352817,6.7180802639,6.3787727143
EOS,2018-09-05,6.4888930226,6.4644422709,6.6408307589,6.3324670491
EOS,2018-09-06,5.4393116928,6.4803401296,6.5787143098,5.3263092283
EOS,2018-09-07,5.1438761614,5.4393120215,5.4654093317,4.8628298786
EOS,2018-09-08,5.0388431194,5.240093263,5.3398100955,4.946513614
EOS,2018-09-09,4.7207090899,5.0388256914,5.147369807,4.6423311493
EOS,2018-09-10,4.9403966587,4.7512162913,5.1889110512,4.6677145985
EOS,2018-09-11,4.9964047514,4.9393707373,5.1152661199,4.8905896219
EOS,2018-09-12,4.9718429694,4.9966101724,5.0398249862,4.8375709388
EOS,2018-09-13,4.9467227677,4.9695468871,4.9858630313,4.8552162706
EOS,2018-09-14,5.2519884563,4.9425281022,5.2989537872,4.93611744
EOS,2018-09-15,5.1546414151,5.2519896204,5.2844435559,5.0796537933
EOS,2018-09-16,5.1536094884,5.1121557835,5.2104747387,5.1078065105
EOS,2018-09-17,5.158638354,5.1347107404,5.1880761415,5.0844116299
EOS,2018-09-18,4.9262839157,5.1586281361,5.1813763379,4.8388359188
EOS,2018-09-19,5.061629199,4.9259374051,5.1422203886,4.8857290654
EOS,2018-09-20,5.1031637719,5.0337313083,5.1557920254,4.9712350584
EOS,2018-09-21,5.3504230861,5.23401612,5.830095117,5.092011765
EOS,2018-09-22,5.5515039473,5.3504230861,5.7360948028,5.326383157
EOS,2018-09-23,5.3792375846,5.5516280083,5.5974008431,5.3579628908
EOS,2018-09-24,5.3777138762,5.3792375847,5.443842987,5.3482825188
EOS,2018-09-25,5.3956552499,5.3776753687,5.804953405,5.2442434989
EOS,2018-09-26,5.286089143,5.3957658053,5.4404660506,5.0124987823
EOS,2018-09-27,5.6250652039,5.2860871758,5.7717566806,5.2583905815
EOS,2018-09-28,5.8048857452,5.6237282822,5.9519857492,5.3528135873
EOS,2018-09-29,5.6026546073,5.8049346067,6.0292643001,5.5416921793
EOS,2018-09-30,5.7049747085,5.602628511,5.8241727341,5.4593650516
EOS,2018-10-01,5.7564286171,5.7044314911,5.9127846584,5.3685679898
EOS,2018-10-02,5.7243251128,5.7569279954,5.7913265745,5.5216492123
EOS,2018-10-03,5.6611850243,5.6235877449,5.7333857563,5.6091409276
EOS,2018-10-04,5.5666664175,5.6705529451,5.6815616564,5.4481755318
EOS,2018-10-05,5.7994825789,5.5666664641,5.8929147362,5.5641367673
EOS,2018-10-06,5.8114551705,5.7995135217,5.896985471,5.6636888005
EOS,2018-10-07,5.7375162429,5.8195664129,5.8487328878,5.678962018
EOS,2018-10-08,5.7266322094,5.7375158652,5.7973712799,5.629376708
EOS,2018-10-09,5.9128432114,5.7610840529,6.0143955155,5.7222880514
EOS,2018-10-10,5.9363109497,5.9128296138,5.976692323,5.8374477455
EOS,2018-10-11,5.9047256891,5.9362921553,5.9518846201,5.8058171526
EOS,2018-10-12,5.2548324358,5.9084473276,5.9109026633,5.186911261
EOS,2018-10-13,5.2100883375,5.2548543157,5.326453604,5.0216279946
EOS,2018-10-14,5.3129817275,5.2101250031,5.3466384324,5.1802402282
EOS,2018-10-15,5.2426208109,5.3074276085,5.3404255041,5.2122451494
EOS,2018-10-16,5.5690644731,5.2130937964,5.9752218774,5.1628879387
EOS,2018-10-17,5.5200559926,5.5716928798,5.6522660488,5.4663089233
EOS,2018-10-18,5.3406733616,5.5200341077,5.5705157767,5.3177131509
EOS,2018-10-19,5.2724988061,5.3374364154,5.3902728736,5.2122694561
EOS,2018-10-20,5.2762575972,5.2724988061,5.3057439424,5.1900600878
EOS,2018-10-21,5.3359877795,5.2791289399,5.3627251368,5.2625518607
EOS,2018-10-22,5.360666477,5.3239964384,5.4755047963,5.3161845587
EOS,2018-10-23,5.3319299538,5.3609496172,5.3990552104,5.314077387
EOS,2018-10-24,5.3454943672,5.330113876,5.386534698,5.2835329988
EOS,2018-10-25,5.310504869,5.3519382721,5.3769321182,5.3083212604
EOS,2018-10-26,5.3168303558,5.3096251475,5.3326054419,5.2790686777
EOS,2018-10-27,5.32412184,5.3168296757,5.3674972987,5.2737580404
EOS,2018-10-28,5.3529315982,5.323802688,5.3544277886,5.3059547149
EOS,2018-10-29,5.0749989608,5.3574052467,5.3701886372,4.9936377887
EOS,2018-10-31,5.0933649278,5.0753425872,5.1138999771,5.0553824958
EOS,2018-11-01,5.2219944118,5.09398067,5.2740996011,5.0493030735
EOS,2018-11-02,5.3163431975,5.2221702727,5.3520979193,5.2122090981
EOS,2018-11-03,5.2490025708,5.3215417685,5.3236768034,5.2388956502
EOS,2018-11-04,5.4402067662,5.249000387,5.537063556,5.2272728083
EOS,2018-11-05,5.3535839192,5.440929807,5.4768008983,5.3419941768
EOS,2018-11-06,5.6716760005,5.3834321122,5.6942755614,5.372078297
EOS,2018-11-08,5.4901715986,5.6716726081,5.7765620634,5.4796922642
EOS,2018-11-09,5.3879071026,5.4901236103,5.5579388979,5.3769137148
EOS,2018-11-11,5.3602730315,5.4084438875,5.4722897421,5.3147661931
EOS,2018-11-13,5.1531771198,5.3602733917,5.5154585096,5.0013262359
EOS,2018-11-14,4.4621781582,5.1529641732,5.1872194454,4.3354427989
EOS,2018-11-15,4.5697943411,4.4624250255,4.6360255338,4.2088352409
EOS,2018-11-17,4.5369956929,4.6564787591,4.6961870651,4.4527050356
EOS,2018-11-19,4.5206518374,4.536607682,4.6172889813,4.4916431924
EOS,2018-11-20,3.6160115487,4.5206516328,4.5829221484,3.2882758844
EOS,2018-11-21,3.7226517005,3.6579143982,3.8372783949,3.5018858014
EOS,2018-11-23,3.5911815386,3.7211747247,3.8109497704,3.3327938846
EOS,2018-11-24,3.1739875927,3.5921965966,3.6409845652,3.1262878881
EOS,2018-11-25,3.3047341803,3.219381434,3.419891475,2.9661755065
EOS,2018-11-26,3.0712921292,3.3049773535,3.3669058341,3.0048798799
EOS,2018-11-28,2.9953733548,3.0713367886,3.1608873302,2.8059890953
EOS,2018-11-29,3.2324527697,2.9953443657,3.3310220542,2.9594551443
EOS,2018-11-30,2.8465169407,3.2354314742,3.2690988928,2.775431323
EOS,2018-12-02,2.8515359026,2.8472357748,3.0033525175,2.8031595855
EOS,2018-12-03,2.6287592984,2.8515368443,2.8745181207,2.5440115005
EOS,2018-12-04,2.4538725552,2.6287787146,2.6422618627,2.3362744973
EOS,2018-12-05,2.1963826349,2.4530861452,2.4577549666,2.1383350737
EOS,2018-12-06,1.8975563256,2.1587471823,2.235801142,1.8924858502
EOS,2018-12-08,1.752061637,1.8977593619,1.9336811788,1.5312592576
EOS,2018-12-09,1.8560763101,1.753701418,1.9319263615,1.6258049582
EOS,2018-12-10,1.9797397401,1.8544102971,2.1050835837,1.7324924808
EOS,2018-12-11,1.8383322183,1.9831898209,2.0502254295,1.7501871974
EOS,2018-12-12,1.9625962534,1.8383946257,2.0336165098,1.8060772474
EOS,2018-12-13,1.8290455396,1.9573061021,1.9723385958,1.803299556
EOS,2018-12-14,1.8319119311,1.8275920232,1.8678278904,1.7495629966
EOS,2018-12-16,1.9065190078,1.8325049757,1.9689619356,1.7775585784
EOS,2018-12-17,2.3569444392,1.9026807391,2.4576135271,1.8968329208
EOS,2018-12-18,2.546250545,2.3570648416,2.6861685423,2.3450906471
EOS,2018-12-19,2.5027393188,2.6302282133,2.7963893529,2.4416567194
EOS,2018-12-20,2.6629512483,2.5024999972,2.7771639837,2.4227698003
EOS,2018-12-22,2.5709092233,2.6627078526,2.8302658037,2.5002536145
EOS,2018-12-23,2.5526847214,2.602737429,2.6344539305,2.477683537
EOS,2018-12-24,2.8410026749,2.5526847212,3.1097456351,2.5510247563
EOS,2018-12-25,2.4914407837,2.7679438469,2.7726068922,2.4120115479
EOS,2018-12-26,2.5791811158,2.4912364286,2.6815734278,2.4774633454
EOS,2018-12-27,2.3000144046,2.5792851549,2.6025137382,2.2762663108
EOS,2018-12-28,2.6152186364,2.2989844567,2.6739729153,2.2504669789
EOS,2018-12-30,2.568345912,2.633383038,2.7748028,2.53755435
EOS,2018-12-31,2.5436881562,2.57086862,2.677320295,2.4798816
EOS,2019-01-02,2.604842833,2.5451980695,2.6434549935,2.5057311083
EOS,2019-01-03,2.8560874734,2.6047374167,2.864756102,2.6023024018
EOS,2019-01-04,2.6674788593,2.8560875126,2.8770753782,2.6191638144
EOS,2019-01-05,2.6922666997,2.6592003591,2.7397372396,2.5986422333
EOS,2019-01-06,2.7032615137,2.6922666416,2.7696633588,2.660906404
EOS,2019-01-07,2.8565867678,2.6826709911,2.8979716669,2.6346193973
EOS,2019-01-08,2.7403253587,2.8506160249,2.8690022468,2.4569348715
EOS,2019-01-09,2.7721292543,2.7403240755,2.8523663193,2.7036997402
EOS,2019-01-10,2.8939710163,2.7631253449,2.9370601697,2.7492928522
EOS,2019-01-11,2.4078107678,2.8938330042,2.959055279,2.3014030898
EOS,2019-01-12,2.360772716,2.4077957031,2.4334434553,2.3166469533
EOS,2019-01-13,2.3846821959,2.3578820181,2.4301921283,2.3468281143
EOS,2019-01-14,2.2215872911,2.3992978748,2.410412175,2.2042670918
EOS,2019-01-15,2.4490769565,2.2215954522,2.4765145256,2.2135465226
EOS,2019-01-16,2.3535737244,2.4490789388,2.4646165219,2.3210488229
EOS,2019-01-17,2.4092914781,2.3535182788,2.4490219685,2.3527738688
EOS,2019-01-18,2.4864665035,2.4115851826,2.496445007,2.3571997586
EOS,2019-01-19,2.4177813796,2.4855727439,2.4985097014,2.3903815732
EOS,2019-01-20,2.4611648676,2.41777701,2.511375546,2.4132236384
EOS,2019-01-21,2.3298312249,2.4506350374,2.4722518309,2.2792078703
EOS,2019-01-22,2.3262762714,2.3298270128,2.3987554805,2.3016878283
EOS,2019-01-23,2.4443666854,2.3267824692,2.4949291818,2.2722008399
EOS,2019-01-24,2.4115798307,2.4288420491,2.4593268183,2.3913704078
EOS,2019-01-25,2.4221720924,2.421098575,2.4472755445,2.3875136765
EOS,2019-01-26,2.4382849854,2.4338823316,2.4574073844,2.3996984824
EOS,2019-01-27,2.4099371171,2.437373961,2.4686161816,2.4003614153
EOS,2019-01-28,2.3568497358,2.4098694414,2.423985387,2.3084082083
EOS,2019-01-29,2.2028244667,2.3583018992,2.3613021109,2.1499489884
EOS,2019-01-30,2.2557338457,2.2239940135,2.2930481457,2.1785234472
EOS,2019-01-31,2.3101596538,2.2557288407,2.3311118313,2.2162784655
EOS,2019-02-01,2.2961026845,2.3082135748,2.3442338604,2.262925412
EOS,2019-02-02,2.3106579871,2.2911965237,2.3277458795,2.2533128372
EOS,2019-02-03,2.311871468,2.3103795245,2.327546207,2.2931504017
EOS,2019-02-04,2.3490042482,2.3118319784,2.4305803021,2.3097518925
EOS,2019-02-05,2.3616565271,2.3412410043,2.39847591,2.33399582
EOS,2019-02-06,2.3587604136,2.3610739625,2.3694745253,2.3286230244
EOS,2019-02-07,2.3163747616,2.3633150838,2.3702499759,2.2740028951
EOS,2019-02-08,2.3171589591,2.316737723,2.341029079,2.2975520846
EOS,2019-02-09,2.6584187614,2.3172111462,2.7620423171,2.3031364093
EOS,2019-02-10,2.7277565007,2.6895574698,2.7983835036,2.643053606
EOS,2019-02-11,2.7302268613,2.7277315383,2.7568605407,2.6281119282
EOS,2019-02-12,2.7350113545,2.7308227594,2.8283325967,2.6812259728
EOS,2019-02-13,2.8830910757,2.7350282791,2.9686109613,2.6804353242
EOS,2019-02-14,2.8125576034,2.9085976101,2.9609618929,2.7772195128
EOS,2019-02-15,2.7260663957,2.8125578238,2.8557130285,2.6851804905
EOS,2019-02-16,2.7430139527,2.7173460847,2.83016885,2.7133895059
EOS,2019-02-17,2.7909865447,2.7429127794,2.8509209514,2.7409256765
EOS,2019-02-18,2.8145894251,2.79086507,2.8802766424,2.7498753065
EOS,2019-02-19,3.3729090895,2.8144800464,3.4345555722,2.8137648717
EOS,2019-02-20,3.5604846718,3.4212692689,3.7417329224,3.3999579202
EOS,2019-02-21,3.7768980445,3.5598936382,3.8849463951,3.4264410788
EOS,2019-02-22,3.6902217865,3.7772821003,3.8748267214,3.6283997413
EOS,2019-02-23,3.8209020053,3.756571398,3.8514392646,3.6908067536
EOS,2019-02-24,4.2059605223,3.8208862321,4.2565162189,3.7496857373
EOS,2019-02-25,3.5905118725,4.2051113496,4.3783605366,3.4262906354
EOS,2019-02-26,3.5136981134,3.5904506333,3.6820802113,3.2695430003
EOS,2019-02-27,3.3680382363,3.5137563796,3.5526222834,3.2915987125
EOS,2019-02-28,3.4178964593,3.4152527183,3.5269202009,3.3167750429
EOS,2019-03-01,3.491531221,3.4175760588,3.6094145752,3.416854651
EOS,2019-03-02,3.5961932729,3.4916580735,3.6580444242,3.4717348118
EOS,2019-03-03,3.4626271523,3.5963452323,3.599000152,3.3958795879
EOS,2019-03-04,3.4945987638,3.4626671045,3.5692834382,3.4608620703
EOS,2019-03-05,3.196830224,3.4946100579,3.5166330732,3.1119489549
EOS,2019-03-06,3.6805162694,3.2199446863,3.7795924811,3.1921587479
EOS,2019-03-07,3.7426696366,3.6769470345,3.860009376,3.567562847
EOS,2019-03-08,3.748405879,3.7424235114,3.8776954298,3.6740802328
EOS,2019-03-09,3.5567597687,3.7483703854,3.7792316766,3.4700125908
EOS,2019-03-10,3.6957982827,3.5696477845,3.7968173372,3.5562221617
EOS,2019-03-11,3.7033264009,3.7277006377,3.7367459126,3.6300444218
EOS,2019-03-12,3.5520609244,3.6771580748,3.7052561458,3.4828392299
EOS,2019-03-13,3.629919785,3.5541825729,3.6708449045,3.409751439
EOS,2019-03-14,3.5379490967,3.6301989258,3.6338483041,3.4666464812
EOS,2019-03-15,3.5398911131,3.5378796297,3.6245944847,3.4692631038
EOS,2019-03-16,3.6399615452,3.5398838515,3.690161044,3.5371176045
EOS,2019-03-17,3.7699809038,3.639962671,3.8242332093,3.639878631
EOS,2019-03-18,3.7287673198,3.7758937082,3.7799673903,3.6989739348
EOS,2019-03-19,3.6900585619,3.7287607812,3.7788518031,3.6553188331
EOS,2019-03-20,3.7058308716,3.6884688495,3.7195680027,3.6505681136
EOS,2019-03-21,3.6990127252,3.7058337803,3.7214161845,3.5152808039
EOS,2019-03-22,3.6096000122,3.6958181043,3.7054944872,3.5248531385
EOS,2019-03-23,3.6156237651,3.6096174949,3.6441489589,3.5597629841
EOS,2019-03-24,3.643361026,3.6006855588,3.6939960455,3.5915647114
EOS,2019-03-25,3.6172944557,3.643361026,3.6521513693,3.5727360862
EOS,2019-03-26,3.6261754944,3.6172944829,3.6555708826,3.5620445357
EOS,2019-03-27,3.6426594905,3.6261754944,3.6507283347,3.5814350403
EOS,2019-03-28,4.2532473657,3.7239136637,4.3122782895,3.6991337717
EOS,2019-03-29,4.2344320085,4.2532479707,4.310189894,4.1615921852
EOS,2019-03-30,4.2823817858,4.2344323921,4.3847398338,4.1936398288
EOS,2019-03-31,4.1518398443,4.2939866906,4.3157804034,3.9895699772
EOS,2019-04-01,4.1925163864,4.1518398443,4.2423137782,4.0821467037
EOS,2019-04-02,4.2134653853,4.1925159151,4.2474065548,4.1351860669
EOS,2019-04-03,4.9865236813,4.2134681652,4.9913373255,4.1587564879
EOS,2019-04-04,5.2961888354,4.9865261947,5.8779584595,4.9382719106
EOS,2019-04-05,5.0359568357,5.2352290843,5.3519189569,4.8565918255
EOS,2019-04-06,5.339037737,5.0365850086,5.3496301674,5.0345518592
EOS,2019-04-07,5.3259298425,5.3300549917,5.6878334388,5.0877989568
EOS,2019-04-08,5.4578557554,5.3259022167,5.514829354,5.2632125671
EOS,2019-04-09,5.5283251034,5.4578557554,5.6544606698,5.2723774373
EOS,2019-04-10,5.5652820423,5.5283221741,5.6567545254,5.3281282815
EOS,2019-04-11,5.778189226,5.5659541152,6.0064004385,5.5451566215
EOS,2019-04-12,5.3507821357,5.8639702784,5.8727151423,5.1392365734
EOS,2019-04-13,5.394373925,5.3371072063,5.4819450797,5.1036513465
EOS,2019-04-14,5.3186057106,5.394373925,5.4267259391,5.2213716886
EOS,2019-04-15,5.5282426964,5.3150478567,5.5727327919,5.245708188
EOS,2019-04-16,5.3562238988,5.5692443077,5.6274475237,5.2547600582
EOS,2019-04-17,5.4794675789,5.3562238988,5.5361248954,5.3054815735
EOS,2019-04-18,5.4386368627,5.4794675789,5.571037737,5.3865269199
EOS,2019-04-19,5.4834078462,5.4402210504,5.5635447223,5.4348592964
EOS,2019-04-20,5.5671523973,5.4888131682,5.6032748832,5.3736381294
EOS,2019-04-21,5.5421444277,5.5671523973,5.6131200974,5.5066744069
EOS,2019-04-22,5.3767792244,5.5421444206,5.5856334503,5.1780776516
EOS,2019-04-23,5.3961318056,5.3903508921,5.4149407631,5.2960989837
EOS,2019-04-24,5.3345959478,5.3961318056,5.4958519127,5.251451951
EOS,2019-04-25,5.0095589642,5.3345695783,5.3440293935,4.8852662941
EOS,2019-04-26,4.7875859601,5.0095589642,5.0894188183,4.7832208503
EOS,2019-04-27,4.8493221358,4.7674990361,5.0104300149,4.6783068085
EOS,2019-04-28,4.8719462655,4.8493219526,4.9264911272,4.8032830789
EOS,2019-04-29,4.8046144022,4.8719462655,4.9102464477,4.7196623318
EOS,2019-04-30,4.5788945019,4.8118262897,4.8239497342,4.5395563938
EOS,2019-05-01,4.8713307132,4.5788950368,4.8773379425,4.5667845176
EOS,2019-05-02,4.8029041064,4.8713307132,4.9173749456,4.7326466048
EOS,2019-05-03,4.863737508,4.8288528286,4.8946666813,4.7340842662
EOS,2019-05-04,5.0905774332,4.863737508,5.1625385596,4.8289826491
EOS,2019-05-05,5.0900645591,5.0765558292,5.1799569294,4.8851611817
EOS,2019-05-06,4.992156725,5.0528422122,5.0783775382,4.9503955778
EOS,2019-05-07,5.0367445469,4.992156725,5.072681085,4.8093140304
EOS,2019-05-08,4.9999851908,4.9811529232,5.1091168961,4.9213586588
EOS,2019-05-09,5.0075720895,4.932465559,5.0153992876,4.8721294444
EOS,2019-05-10,4.9839726884,5.0075867383,5.0831973339,4.9374671758
EOS,2019-05-11,4.9991030913,4.9839727877,5.0965175471,4.7809199451
EOS,2019-05-12,5.6005729748,4.9817392856,5.6143326019,4.9727660541
EOS,2019-05-13,5.4663980916,5.5180262703,5.7452442088,5.3028720571
EOS,2019-05-14,5.6477060009,5.4663980916,5.845032209,5.4174427622
EOS,2019-05-15,6.0731894769,5.6477060832,6.2788646058,5.5663737867
EOS,2019-05-16,6.5818352579,6.2048766394,6.6217920337,6.133814625
EOS,2019-05-17,6.7347369799,6.581835258,7.1191493569,6.514133835
EOS,2019-05-18,6.324490942,6.7347979196,6.9007330451,6.0211903435
EOS,2019-05-19,6.3580247905,6.324490942,6.4931161714,6.2588272837
EOS,2019-05-20,6.7897945443,6.3217066408,6.7898869228,6.3019412357
EOS,2019-05-21,6.2302329676,6.7897981769,6.8416923334,5.9678477096
EOS,2019-05-22,6.3053878549,6.2632325858,6.3980525379,6.1224959514
EOS,2019-05-23,5.9710516257,6.3053721421,6.3751418821,5.8264654134
EOS,2019-05-24,6.0904772312,5.9737493436,6.1323580849,5.7468734416
EOS,2019-05-25,6.4981796141,6.048605859,6.6226746815,5.9921847928
EOS,2019-05-26,6.440291187,6.4382495774,6.5748592795,6.3073249159
EOS,2019-05-27,6.8801980799,6.440299922,6.9988729105,6.237329431
EOS,2019-05-28,7.9139677174,6.8796131176,8.0002068398,6.8754261905
EOS,2019-05-29,8.0751941522,8.0213402278,8.2352002081,7.6762960072
EOS,2019-05-30,8.0874956241,8.0752295141,8.2405696676,7.5414132728
EOS,2019-05-31,7.3566142083,7.9944894788,8.5145292007,5.4523787521
EOS,2019-06-01,8.350426891,7.3562024199,8.3663870725,2.2843634423
EOS,2019-06-02,8.2428537868,8.3514013397,8.6960333896,7.8025452673
EOS,2019-06-03,7.718936162,8.244573844,8.2956823342,4.9807327524
EOS,2019-06-04,6.9570941008,7.7165194577,7.7846732066,5.1259243527
EOS,2019-06-05,6.2318621588,6.6871428987,6.8669759401,2.0021003411
EOS,2019-06-06,6.4208150879,6.2321979873,6.527691698,4.7725674024
EOS,2019-06-07,6.2629860363,6.4307145503,6.5248975953,4.6738887811
EOS,2019-06-08,6.7364444703,6.2626593705,6.8020312697,4.7076443917
EOS,2019-06-09,6.3928448663,6.7364440423,6.7416151462,4.3886925671
EOS,2019-06-10,6.0983490286,6.3654963311,6.499921481,4.4041881473
EOS,2019-06-11,6.3706732589,6.0983632573,6.5133277792,6.0417745898
EOS,2019-06-12,6.323085158,6.4519475465,6.5061446628,1.4850672466
EOS,2019-06-13,6.3932907828,6.3230257536,6.4780257458,4.5709977983
EOS,2019-06-14,6.4745087041,6.4451928532,6.6316482749,4.6139881165
EOS,2019-06-15,6.5529194076,6.4747058398,6.5642227097,4.6556215588
EOS,2019-06-16,6.9071064557,6.5724026949,6.966337027,4.6841978917
EOS,2019-06-17,7.0141436666,6.908694106,7.2282856145,5.0623814703
EOS,2019-06-18,7.1749025419,7.0141113904,7.2507768609,6.8735248941
EOS,2019-06-19,6.7195145459,7.1444252702,7.1654608433,6.5947621078
EOS,2019-06-20,6.8773570757,6.7189673658,6.9649332624,4.4433534942
EOS,2019-06-21,6.8201988909,6.8772062707,6.9185006446,4.2426799043
EOS,2019-06-22,6.9908501149,6.8205297568,7.1371616719,4.8443286553
EOS,2019-06-23,7.3013602213,7.0572779263,7.5817852558,6.9827216253
EOS,2019-06-24,7.312622255,7.3036565427,7.5947470273,7.1146157674
EOS,2019-06-25,7.1727048309,7.3135155692,7.3135155692,4.9736475368
EOS,2019-06-26,7.1835042862,7.1731805769,7.2962496139,6.926757272
EOS,2019-06-27,6.5546004012,7.1856801197,7.3962200135,6.0449381454
EOS,2019-06-28,5.9289588366,6.5539024794,6.7833346488,5.5276752545
EOS,2019-06-29,6.1347638228,5.9281033988,6.2393165929,5.6472590889
EOS,2019-06-30,6.2714156486,6.1915340606,6.3365648401,5.93559434
EOS,2019-07-01,5.7143319801,6.2703857993,6.3808825266,5.6415497963
EOS,2019-07-02,5.8980606098,5.7159512492,5.9717297043,5.5100488962
EOS,2019-07-03,5.880126497,5.898791149,6.1272187535,5.5525609474
EOS,2019-07-04,6.0688664068,5.8684074003,6.1099520842,5.8232728453
EOS,2019-07-05,5.8801624816,6.0685184008,6.0802287834,5.817899891
EOS,2019-07-06,5.7337745774,5.7045704468,5.8853900175,5.6612331491
EOS,2019-07-07,5.7620940652,5.7344002998,5.993163943,5.7059012588
EOS,2019-07-08,5.9384366047,5.7601566601,6.0581108914,5.7373573882
EOS,2019-07-09,5.9706159055,5.9387698825,6.0203377057,5.8419230361
EOS,2019-07-10,5.8774145449,5.9704458099,6.0300050911,5.8497480432
EOS,2019-07-11,5.1968970851,5.8960876876,5.9243465165,5.0230915289
EOS,2019-07-12,4.6933259703,5.1971604234,5.2862550188,4.3878418045
EOS,2019-07-13,4.8074473582,4.6937136071,4.8739203126,4.5936748968
EOS,2019-07-14,4.7190004475,4.8074777645,4.8285182453,4.5680700025
EOS,2019-07-15,4.2194816607,4.756535582,4.7765597766,4.0684416077
EOS,2019-07-16,4.3470671112,4.2176356181,4.4302881907,3.9753939606
EOS,2019-07-17,3.6656926087,4.3469694646,4.3801648429,3.3414995553
EOS,2019-07-18,3.9315798308,3.6668967703,4.1234279654,3.5219876754
EOS,2019-07-19,4.1161425903,3.8381225705,4.2436774909,3.753031444
EOS,2019-07-20,4.0143167771,4.1161333581,4.1589390907,3.8167373673
EOS,2019-07-21,4.4249156638,4.0460944089,4.481055144,4.0029218944
EOS,2019-07-22,4.3186022223,4.4243115883,4.4494157162,4.1599158589
EOS,2019-07-23,4.1105375013,4.3193487736,4.4166522795,3.954505696
EOS,2019-07-24,4.1985802932,4.1105220337,4.2801799754,3.9561675924
EOS,2019-07-25,4.4621618348,4.1513382981,4.6405836957,4.0110204336
EOS,2019-07-26,4.5650878386,4.4605546054,4.709632312,4.4424968335
EOS,2019-07-27,4.5916994212,4.5647539401,4.7118244411,4.4201558157
EOS,2019-07-28,4.2555888006,4.5913742708,4.7647959308,4.1177558683
EOS,2019-07-29,4.1466635282,4.2714049213,4.3353852206,3.8765473421
EOS,2019-07-30,4.1870961904,4.275477348,4.3832538062,4.0967605761
EOS,2019-07-31,4.195235273,4.1871436547,4.2901431654,4.1277146055
EOS,2019-08-01,4.3853175329,4.1952960381,4.410022593,4.1904992365
EOS,2019-08-02,4.3121684015,4.3845153513,4.4480470874,4.2234294727
EOS,2019-08-03,4.1684092762,4.3123372921,4.3486901751,4.0483532672
EOS,2019-08-04,4.2767149842,4.168460397,4.3613447309,4.1596401936
EOS,2019-08-05,4.2297780106,4.2767128243,4.3125644824,4.1789064211
EOS,2019-08-06,4.4972718818,4.2303861498,4.578281105,4.2196479225
EOS,2019-08-07,4.1626503296,4.4976138977,4.4976138977,4.0528515136
EOS,2019-08-08,4.2195596509,4.1632128898,4.2802133102,4.1293290661
EOS,2019-08-09,4.1605985515,4.2194686639,4.2320606565,4.0808127436
EOS,2019-08-10,3.8819886532,4.1608406113,4.19881127,3.7849905516
EOS,2019-08-11,4.0715209908,3.8820295503,4.1281452777,3.8502796934
EOS,2019-08-12,4.1961182727,4.0512918247,4.2497107867,4.0486827527
EOS,2019-08-13,4.1292214829,4.1960696457,4.2076678427,4.076366527
EOS,2019-08-14,4.0633309097,4.1291308595,4.1356483442,3.9558410836
EOS,2019-08-15,3.7055422607,4.0680450789,4.1131799712,3.5619939109
EOS,2019-08-16,3.6482631977,3.7057285841,3.7139557445,3.5061715047
EOS,2019-08-17,3.6063470348,3.6220084692,3.6557411814,3.4761251106
EOS,2019-08-18,3.5706361972,3.6069722009,3.616620067,3.4899101792
EOS,2019-08-19,3.7066774288,3.5615701036,3.7660585646,3.5126098603
EOS,2019-08-20,3.7028973416,3.7067079545,3.7894521239,3.647987697
EOS,2019-08-21,3.7019685145,3.7031731741,3.7324824859,3.6008199178
EOS,2019-08-22,3.4942323008,3.7023681838,3.7054543856,3.3555919467
EOS,2019-08-23,3.6613745048,3.4944728239,3.7107391417,3.449625111
EOS,2019-08-24,3.6661388816,3.6372619681,3.7719879273,3.6024143343
EOS,2019-08-25,3.6690322276,3.674613138,3.6864661643,3.5450318834
EOS,2019-08-26,3.5391093773,3.6689202138,3.6957494026,3.4694516801
EOS,2019-08-27,3.5740246731,3.5520897095,3.6964062051,3.5357741993
EOS,2019-08-28,3.5195730853,3.5735897541,3.5931298799,3.4902126379
EOS,2019-08-29,3.2688635064,3.5461504202,3.5551235795,3.1147163405
EOS,2019-08-30,3.2057221156,3.2688557038,3.27665123,3.0576126089
EOS,2019-08-31,3.215475615,3.2053636928,3.2872280056,3.16104367
EOS,2019-09-01,3.3486885813,3.2146862025,3.4123650351,3.1886317483
EOS,2019-09-02,3.2832622821,3.3486385212,3.3527332276,3.0986630731
EOS,2019-09-03,3.3284315724,3.2834134169,3.3824632553,3.2206643688
EOS,2019-09-04,3.4241622545,3.3279195874,3.464358268,3.3075698353
EOS,2019-09-05,3.3007120711,3.4242031716,3.4249491452,3.271302033
EOS,2019-09-06,3.2548888798,3.3006710944,3.3340634174,3.2044816704
EOS,2019-09-07,3.2000890394,3.2546560039,3.3714309415,3.1095788002
EOS,2019-09-08,3.5866088855,3.1986824513,3.6757970119,3.1926001871
EOS,2019-09-09,3.7422060483,3.56994944,3.8133663357,3.5159866467
EOS,2019-09-10,3.9174228788,3.7427138092,3.9408016918,3.6154915216
EOS,2019-09-11,3.7445884627,3.9168400359,3.9516468282,3.6551458844
EOS,2019-09-12,3.7251336312,3.7723147145,3.8090702319,3.644744073
EOS,2019-09-13,3.7455798144,3.7247812666,3.7878615108,3.6745935389
EOS,2019-09-14,3.7228113031,3.7455766341,3.7530170848,3.6784885047
EOS,2019-09-15,4.0317884537,3.7229570379,4.1080635272,3.6923036592
EOS,2019-09-16,4.06508921,4.0317329091,4.1528739025,4.0140546263
EOS,2019-09-17,4.0956750938,4.0650817769,4.1575476077,3.9455930254
EOS,2019-09-18,4.1788220739,4.0956679936,4.2384427471,4.0271439214
EOS,2019-09-19,4.1165969722,4.178716341,4.178716341,4.0519274852
EOS,2019-09-20,3.9575366108,4.0806973291,4.0899231525,3.8092714779
EOS,2019-09-21,3.9281732117,3.9576240407,3.9874010591,3.830932866
EOS,2019-09-22,4.0033167909,3.9281857817,4.0736803058,3.9261692933
EOS,2019-09-23,3.8171798655,4.0032775711,4.0272780362,3.7374160281
EOS,2019-09-24,3.7223045844,3.8171815833,3.8578662971,3.6587611965
EOS,2019-09-25,2.8643091315,3.7204814748,3.7320819736,2.4520682811
EOS,2019-09-26,2.8549578932,2.7727086652,2.9555508018,2.6946088254
EOS,2019-09-27,2.7857387877,2.8551145077,2.8811433254,2.589000594
EOS,2019-09-28,2.8339217785,2.785921556,2.8891991953,2.692226966
EOS,2019-09-29,2.8273125473,2.8360963055,2.8751607196,2.7791865393
EOS,2019-09-30,2.8022459917,2.8274314384,2.8450179107,2.6819261355
EOS,2019-10-01,2.9331514313,2.782671595,3.0338895313,2.7226036141
EOS,2019-10-02,2.9587939505,2.971780639,3.1185866945,2.8676452209
EOS,2019-10-03,2.9889820666,2.9586599186,3.0415454244,2.895094525
EOS,2019-10-04,2.9261524841,2.988980633,3.022822497,2.8166386467
EOS,2019-10-05,3.0401255833,2.933310069,3.0872775033,2.8755765265
EOS,2019-10-06,2.9905248525,3.0401185676,3.0403854698,2.9277998454
EOS,2019-10-07,2.8997899918,2.9940783375,3.0026161759,2.8501436823
EOS,2019-10-08,3.220076079,2.8999509945,3.2388452388,2.8905615061
EOS,2019-10-09,3.1649155644,3.2213148426,3.2559464303,3.1136503921
EOS,2019-10-10,3.2319236247,3.1613503559,3.3142750092,3.1142585167
EOS,2019-10-11,3.1237421758,3.2319146362,3.2582887705,3.0362873323
EOS,2019-10-12,3.0728706918,3.1237394663,3.2010223469,3.0331634986
EOS,2019-10-13,3.0873460353,3.0728523093,3.1463890176,3.04176966
EOS,2019-10-14,3.1180716495,3.0689393577,3.1373834233,3.0436177076
EOS,2019-10-15,3.1556506411,3.1180932395,3.1943284582,3.0962182075
EOS,2019-10-16,2.96308188,3.163887,3.17224806,2.83574245
EOS,2019-10-17,2.9196066773,2.9631674297,2.9859094871,2.852398553
EOS,2019-10-18,2.9540752605,2.9195844063,2.9648567573,2.8820606354
EOS,2019-10-19,2.8916934395,2.9540756234,2.956707264,2.7188289055
EOS,2019-10-20,2.8690542322,2.8816119887,2.9275894349,2.8350943159
EOS,2019-10-21,2.9277611238,2.86917036,2.9418331367,2.8224677721
EOS,2019-10-22,2.9219926467,2.9273469864,2.9748209141,2.8696051831
EOS,2019-10-23,2.9228975705,2.9219846524,3.0266520576,2.8907501721
EOS,2019-10-24,2.6728748018,2.894088241,2.9094728149,2.5342326852
EOS,2019-10-25,2.7522689184,2.6728548498,2.7817903191,2.6541693428
EOS,2019-10-26,3.1655068485,2.7253433377,3.3315181171,2.7207446805
EOS,2019-10-27,3.0981551007,3.1655678907,3.556503384,2.991083848
EOS,2019-10-28,3.3502575718,3.14338087,3.4941172864,3.0779644664
EOS,2019-10-29,3.3407906186,3.3502229421,3.5559634807,3.2577666247
EOS,2019-10-30,3.423394326,3.2879731551,3.4615473101,3.2805451861
EOS,2019-10-31,3.2884833383,3.422651919,3.4314186485,3.189028501
EOS,2019-11-01,3.2486938036,3.2883955464,3.3280121214,3.1727249494
EOS,2019-11-02,3.3439482906,3.248787267,3.3886195385,3.2052848237
EOS,2019-11-03,3.3216352257,3.3455603834,3.3813328281,3.296464819
EOS,2019-11-04,3.2805789715,3.3216546992,3.3426653951,3.1895309028
EOS,2019-11-05,3.4224538426,3.280505812,3.5025340861,3.2403105387
EOS,2019-11-06,3.611244421,3.4436316846,3.6888717025,3.4093205486
EOS,2019-11-07,3.5939306,3.6111598234,3.6757038678,3.5516224047
EOS,2019-11-08,3.4798057851,3.5938536219,3.6322062395,3.4234206009
EOS,2019-11-09,3.4249321704,3.4642592277,3.5492059897,3.3239597013
EOS,2019-11-10,3.4796758513,3.4250255147,3.4985885761,3.400669614
EOS,2019-11-11,3.6000034801,3.4795762075,3.6589502763,3.4491383678
EOS,2019-11-12,3.4467079531,3.5998142317,3.6027122407,3.4050232565
EOS,2019-11-13,3.4673889476,3.4467102925,3.5158604393,3.3845219222
EOS,2019-11-14,3.4493043536,3.4673204607,3.4881911297,3.4210569375
EOS,2019-11-15,3.3853970859,3.4748264028,3.4794873613,3.3401369542
EOS,2019-11-16,3.3548024547,3.3854065318,3.4973829461,3.2896536688
EOS,2019-11-17,3.3836306976,3.3548005097,3.4020673913,3.3166188601
EOS,2019-11-18,3.3978884599,3.3836307663,3.4436581371,3.3289853891
EOS,2019-11-19,3.1913790249,3.39596714,3.4005027777,3.0189680715
EOS,2019-11-20,3.1194027454,3.1913746342,3.1974515819,3.0199089226
EOS,2019-11-21,3.0756367638,3.1171085567,3.1489549123,3.0472547915
EOS,2019-11-22,2.8151260269,3.076059003,3.1145918676,2.7354201437
EOS,2019-11-23,2.6164810847,2.8174923612,2.8440591568,2.4582417212
EOS,2019-11-24,2.680036682,2.6167734252,2.7080230059,2.5657506856
EOS,2019-11-25,2.4916872775,2.680179184,2.6999095497,2.3649840031
EOS,2019-11-26,2.5697940862,2.4161706952,2.6195502026,2.3417190048
EOS,2019-11-27,2.6205527858,2.5704034526,2.6371529429,2.520478744
EOS,2019-11-28,2.6878647232,2.6206276803,2.7461024589,2.4893211072
EOS,2019-11-29,2.6141318359,2.6878178911,2.697388262,2.6071366689
EOS,2019-11-30,2.7873240528,2.6147712293,2.8315258386,2.5975616638
EOS,2019-12-01,2.7566310479,2.7959927483,2.8210785145,2.7171853368
EOS,2019-12-02,2.8015196525,2.7566454098,2.855399293,2.6643314133
EOS,2019-12-03,2.6929933502,2.8010535379,2.806861883,2.6474690345
EOS,2019-12-04,2.7122237302,2.6798824726,2.7419377492,2.6502500658
EOS,2019-12-05,2.6396452581,2.7122474445,2.7745580155,2.5648082708
EOS,2019-12-06,2.6810767087,2.639514427,2.7055022586,2.6198465797
EOS,2019-12-07,2.7267768867,2.6855644485,2.7462783708,2.6644821081
EOS,2019-12-08,2.7331509757,2.727362564,2.7597626118,2.71189723
EOS,2019-12-09,2.7584348204,2.7331582768,2.7858361306,2.697807561
EOS,2019-12-10,2.6463800582,2.758428944,2.760380737,2.6143020837
EOS,2019-12-11,2.6021641479,2.6463917605,2.6666268913,2.5750186131
EOS,2019-12-12,2.5756775892,2.6022068529,2.618123732,2.5420152712
EOS,2019-12-13,2.5801070711,2.5742156183,2.6160917573,2.5119985873
EOS,2019-12-14,2.6174167191,2.5808503283,2.6421045616,2.5684433411
EOS,2019-12-15,2.5768113049,2.6173579958,2.6302044666,2.5461204201
EOS,2019-12-16,2.5705493002,2.5768108135,2.5947515801,2.5388429933
EOS,2019-12-17,2.3696412553,2.5704998645,2.5713659194,2.2917853421
EOS,2019-12-18,2.1844893158,2.3697474693,2.3718803516,2.1499337018
EOS,2019-12-19,2.4916711412,2.1845350907,2.5202474604,2.1611796006
EOS,2019-12-20,2.4562073396,2.4624646295,2.4999184933,2.4003605542
EOS,2019-12-21,2.471129159,2.4562263465,2.5342045442,2.420491804
EOS,2019-12-22,2.4866690741,2.4711453719,2.5014869143,2.4411659004
EOS,2019-12-23,2.4942629541,2.4866644946,2.5184700587,2.4423003346
EOS,2019-12-24,2.4672321876,2.4942597488,2.5492796634,2.4469580705
EOS,2019-12-25,2.5507023549,2.4674128341,2.5532711639,2.4464084456
EOS,2019-12-26,2.4894127638,2.550639632,2.5572448568,2.4511511624
EOS,2019-12-27,2.5190823849,2.4893682467,2.6335359432,2.4498682031
EOS,2019-12-28,2.5713765408,2.5190737093,2.5866287426,2.5010035346
EOS,2019-12-29,2.639945536,2.5714015045,2.6633085785,2.5641803767
EOS,2019-12-30,2.691204106,2.6399435393,2.7141854101,2.6145857569
EOS,2019-12-31,2.6276031278,2.6864360735,2.7151005507,2.5986113709
EOS,2020-01-01,2.5842319662,2.6276683405,2.6454391732,2.5590393575
EOS,2020-01-02,2.5972548468,2.5842320574,2.6349344369,2.570135842
EOS,2020-01-03,2.4561255,2.5974026686,2.6037727513,2.4193251177
EOS,2020-01-04,2.6347002014,2.4562278534,2.6583363256,2.427065236
EOS,2020-01-05,2.6464827172,2.6346568043,2.658493042,2.616112304
EOS,2020-01-06,2.6835312238,2.6464167476,2.7716566056,2.6366427138
EOS,2020-01-07,2.8322055971,2.6843940457,2.8446006896,2.6782096058
EOS,2020-01-08,2.8268586148,2.8324834127,2.8888508233,2.7575904202
EOS,2020-01-09,2.7853321899,2.8285423623,2.9698007632,2.7135677312
EOS,2020-01-10,2.7472725513,2.7733406278,2.7977615279,2.6932744561
EOS,2020-01-11,2.928981226,2.7473530206,2.9809161526,2.6491518384
EOS,2020-01-12,3.0422914631,2.9845132736,3.1249642786,2.9349153041
EOS,2020-01-13,3.1835776688,3.0422554601,3.2138829961,2.9341021657
EOS,2020-01-14,3.1104264138,3.1838183908,3.2101988155,3.0632153505
EOS,2020-01-15,3.7493949975,3.1061216682,4.0625046483,3.1051073083
EOS,2020-01-16,3.8274759122,3.7523085584,3.9389888484,3.5661676591
EOS,2020-01-17,3.8273570301,3.8273917599,3.9422635767,3.5291669964
EOS,2020-01-18,3.9867438665,3.8273462624,4.0628941507,3.7383692524
EOS,2020-01-19,3.8470454843,3.9867753474,3.9988963921,3.7028944206
EOS,2020-01-20,3.5767085159,3.8478443556,3.935910554,3.425781358
EOS,2020-01-21,3.6398596248,3.5767631007,3.6965928006,3.4830435011
EOS,2020-01-22,3.6363306423,3.6397932889,3.6858365299,3.5489408545
EOS,2020-01-23,3.6232459558,3.63630397,3.7385930661,3.5820452676
EOS,2020-01-24,3.5512567154,3.6232342592,3.6477466748,3.4840319446
EOS,2020-01-25,3.6369881222,3.5622838301,3.6983247019,3.3496385712
EOS,2020-01-26,3.5507531577,3.6369758728,3.6527080179,3.4921909162
EOS,2020-01-27,3.6321436005,3.5508729356,3.659394344,3.4263977434
EOS,2020-01-28,3.9678171226,3.6321456081,4.0497640726,3.6287540372
EOS,2020-01-29,3.9818700013,3.9669634251,4.1211870476,3.875425929
EOS,2020-01-30,3.9982998562,3.981878912,4.1131490479,3.9606284146
EOS,2020-01-31,4.3801040909,3.9983218592,4.3832084214,3.884630828
EOS,2020-02-01,4.1452484907,4.3817845444,4.3911261632,4.0189249789
EOS,2020-02-02,4.1505000638,4.1451482717,4.2590190381,4.0658617916
EOS,2020-02-03,4.2224456798,4.149788711,4.3306159686,4.0425204969
EOS,2020-02-04,4.1826473099,4.2224421979,4.3741899846,4.1346141733
EOS,2020-02-05,4.2374736358,4.1990217249,4.2579059647,4.0594531733
EOS,2020-02-06,4.5024239444,4.2378379962,4.5852372656,4.1652399503
EOS,2020-02-07,4.5367638118,4.5255490683,4.6659748216,4.4441535495
EOS,2020-02-08,4.5811356937,4.5367514002,4.6902631571,4.5148258567
EOS,2020-02-09,4.7910049003,4.5811863251,4.8452958603,4.4301477479
EOS,2020-02-10,4.9817755601,4.7653393529,5.0446745124,4.7639288307
EOS,2020-02-11,4.8963882864,4.9817744806,5.0446456774,4.7401248818
EOS,2020-02-12,5.2809460821,4.8975736677,5.3194948726,4.7913189374
EOS,2020-02-13,5.3667702948,5.2810011952,5.4693342335,5.2245787687
EOS,2020-02-14,5.2845968049,5.3666457963,5.5059006351,5.1872914727
EOS,2020-02-15,5.3708760471,5.3616459589,5.5294080755,5.2345576823
EOS,2020-02-16,4.6863635379,5.3710952631,5.3997279541,4.5109878715
EOS,2020-02-17,4.3410756204,4.6860304185,4.859294163,4.039262057
EOS,2020-02-18,4.3241985175,4.3838862797,4.4209383497,4.0391467161
EOS,2020-02-19,4.6018258742,4.3249542038,4.659721109,4.2589932201
EOS,2020-02-20,3.9768149182,4.6022459592,4.6259290111,3.666600453
EOS,2020-02-21,4.0017380283,3.9775100425,4.0574289146,3.805415456
EOS,2020-02-22,4.0354081738,4.0016863929,4.1972569478,3.9569095713
EOS,2020-02-23,4.1046517875,4.05704298,4.1633257993,3.980159744
EOS,2020-02-24,4.3322110323,4.1046610028,4.3951316716,4.075940532
EOS,2020-02-25,4.0731372961,4.3322262951,4.411009621,3.9157190151
EOS,2020-02-26,4.1359959408,4.0730477004,4.2372540235,3.908408921
EOS,2020-02-27,3.556386542,4.1359740032,4.1432881521,3.3078597061
EOS,2020-02-28,3.6157967803,3.556278347,3.7335315323,3.3903337933
EOS,2020-02-29,3.5804083564,3.617127633,3.6816003755,3.3584825979
EOS,2020-03-01,3.554211054,3.5804774505,3.6618263294,3.5081242201
EOS,2020-03-02,3.5299491743,3.5544379453,3.6520713981,3.4211471525
EOS,2020-03-03,3.6861810236,3.5298737529,3.7601519833,3.4883248378
EOS,2020-03-04,3.6452614818,3.7176293717,3.7194853409,3.5544178762
EOS,2020-03-05,3.5903636693,3.6452726936,3.6741520027,3.528249382
EOS,2020-03-06,3.7389201124,3.5904059366,3.8444554121,3.5878992254
EOS,2020-03-07,3.8112159949,3.7703395341,3.8644018396,3.7225691947
EOS,2020-03-08,3.6789450608,3.811656272,3.8527331564,3.6278414122
EOS,2020-03-09,3.0769594962,3.6793844375,3.6801454375,3.0115490546
EOS,2020-03-10,3.0321235681,3.0777752111,3.1709601198,2.8500709512
EOS,2020-03-11,3.0998285758,3.0651370892,3.1547603231,3.0015621626
EOS,2020-03-12,3.083869781,3.1002096124,3.1163751527,2.8469339967
EOS,2020-03-13,2.1679692598,3.0857428569,3.0957103709,1.9484628542
EOS,2020-03-14,2.1388174211,2.1677842094,2.2466025831,1.405783783
EOS,2020-03-15,1.9816788215,2.1388503741,2.1884426353,1.9588623613
EOS,2020-03-16,2.0403228836,1.9808083986,2.2557339207,1.9381137273
EOS,2020-03-17,1.8558981411,2.0389374155,2.0654376833,1.7199825359
EOS,2020-03-18,2.0017240517,1.8558860708,2.0420754928,1.8531907356
EOS,2020-03-19,1.9818020001,2.0016490838,2.0148135457,1.8840485818
EOS,2020-03-20,2.3660262465,1.9817955417,2.4044316802,1.9754606465
EOS,2020-03-21,2.1694528501,2.3665094665,2.5298657196,1.9154904473
EOS,2020-03-22,2.2723732951,2.1689249478,2.3642751379,2.1124166282
EOS,2020-03-23,2.1574029346,2.2727457171,2.398163705,2.1185604135
EOS,2020-03-24,2.28523863,2.1354920093,2.3431937857,2.0684625862
EOS,2020-03-25,2.3594841509,2.2852275757,2.386565569,2.2726187024
EOS,2020-03-26,2.3026493655,2.3595202977,2.3760828559,2.2398021781
EOS,2020-03-27,2.3023325465,2.3015586201,2.3484117639,2.269396666
EOS,2020-03-28,2.3107829421,2.3023688362,2.3748810032,2.2849142827
EOS,2020-03-29,2.2122099599,2.3106638972,2.3169296785,2.0952684519
EOS,2020-03-30,2.1305842684,2.2122413263,2.2191347897,2.1035653015
EOS,2020-03-31,2.2541432186,2.1146051195,2.2843849275,2.1101913017
EOS,2020-04-01,2.2258936753,2.253635087,2.2602762011,2.1914570461
EOS,2020-04-02,2.2347583655,2.2270258514,2.2550422856,2.1471888921
EOS,2020-04-03,2.3175054576,2.2345712308,2.5020661789,2.2274381049
EOS,2020-04-04,2.3401797791,2.2919022632,2.3863447446,2.2718530337
EOS,2020-04-05,2.3550420144,2.3399654125,2.4075144408,2.2880134423
EOS,2020-04-06,2.3590740773,2.3614484863,2.3944440376,2.3184713657
EOS,2020-04-07,2.732870701,2.3593465832,2.7607893178,2.3527259554
EOS,2020-04-08,2.6373231487,2.7326717314,2.8286300637,2.5563105447
EOS,2020-04-09,2.7666775858,2.6381992096,2.7938566133,2.58699575
EOS,2020-04-10,2.7501440106,2.7665545719,2.7667174887,2.6857845504
EOS,2020-04-11,2.4928007711,2.7501360988,2.7514109009,2.4186571593
EOS,2020-04-12,2.5027922044,2.4955153932,2.5494495306,2.426290596
EOS,2020-04-13,2.545516191,2.5027844566,2.5974987161,2.4605194935
EOS,2020-04-14,2.4606656257,2.545516191,2.5529468695,2.3479673488
EOS,2020-04-15,2.4776800727,2.4606517788,2.5091616509,2.4190649198
EOS,2020-04-16,2.4322842263,2.4781018716,2.5041463349,2.3962545977
EOS,2020-04-17,2.708375004,2.4042362976,2.7156002332,2.3369566045
EOS,2020-04-18,2.6264145717,2.7089231012,2.7211208118,2.5856664515
EOS,2020-04-19,2.7456887185,2.6264068484,2.7687485984,2.6167363244
EOS,2020-04-20,2.6398795671,2.745068293,2.7520906132,2.543255326
EOS,2020-04-21,2.5319323134,2.6405857705,2.704614357,2.4409819187
EOS,2020-04-22,2.548657695,2.531930514,2.5717290553,2.48544403
EOS,2020-04-23,2.6176386467,2.5486558339,2.6572113634,2.5105792819
EOS,2020-04-24,2.7044584772,2.6176408536,2.7586736334,2.579472865
EOS,2020-04-25,2.695146505,2.681408615,2.7383567427,2.6646777711
EOS,2020-04-26,2.7105435554,2.6946371787,2.8001467574,2.6634048414
EOS,2020-04-27,2.7114268185,2.7104262956,2.7839043516,2.6769179471
EOS,2020-04-28,2.7363290635,2.7114369703,2.8199014123,2.6863158523
EOS,2020-04-29,2.7501649756,2.747975736,2.7543678186,2.6932364774
EOS,2020-04-30,2.9959990744,2.7507789148,3.0940296768,2.7459500508
EOS,2020-05-01,2.876871188,2.9960635822,3.1202867365,2.7556354425
EOS,2020-05-02,2.8705179578,2.877151582,2.9337649746,2.8173239114
EOS,2020-05-03,2.9421342989,2.8705401932,2.9505561887,2.8585873335
EOS,2020-05-04,2.8358892508,2.94926035,3.01709219,2.7779413339
EOS,2020-05-05,2.7777679307,2.8350282369,2.8474172462,2.6358671119
EOS,2020-05-06,2.7660145969,2.777789931,2.8298474557,2.7193151244
EOS,2020-05-07,2.7688145971,2.7728738773,2.8240468631,2.7394584964
EOS,2020-05-08,2.7651746585,2.7687485642,2.7949078845,2.5981003375
EOS,2020-05-09,2.7798909143,2.7656399173,2.8257390696,2.7027887605
EOS,2020-05-10,2.7589503294,2.7797866669,2.8370033408,2.7418911546
EOS,2020-05-11,2.4502834315,2.7587265227,2.7758155248,2.3001640483
EOS,2020-05-12,2.3988744344,2.4447575881,2.4963095086,2.2778268403
EOS,2020-05-13,2.4437042769,2.3987967842,2.4702962734,2.3860287639
EOS,2020-05-14,2.5272398542,2.4429777134,2.5615905012,2.4253228777
EOS,2020-05-15,2.6332704878,2.5272286732,2.6502820328,2.4728462766
EOS,2020-05-16,2.6073492635,2.6239890893,2.6601010991,2.5345550312
EOS,2020-05-17,2.640172698,2.6073579017,2.6808413368,2.5683899771
EOS,2020-05-18,2.6379250174,2.640104385,2.6712224702,2.6189998122
EOS,2020-05-19,2.6498486985,2.6187013555,2.7422129288,2.6129566146
EOS,2020-05-20,2.6427506285,2.6494658206,2.6665282836,2.5721760901
EOS,2020-05-21,2.5996493114,2.6433979372,2.6756992011,2.5229524651
EOS,2020-05-22,2.4794348873,2.5996074995,2.6149725885,2.4043761532
EOS,2020-05-23,2.6011575872,2.47942268,2.6350271407,2.4404530103
EOS,2020-05-24,2.5763838932,2.6013470768,2.6223539743,2.5457542642
EOS,2020-05-25,2.5559812065,2.5763350365,2.6108257064,2.5029689142
EOS,2020-05-26,2.5230524452,2.5559782608,2.5596704253,2.4476585878
EOS,2020-05-27,2.5037981234,2.5230474851,2.5361127627,2.458608379
EOS,2020-05-28,2.5541593812,2.5037981234,2.5751614496,2.4960718117
EOS,2020-05-29,2.5926963963,2.5541454257,2.5967636584,2.3940877513
EOS,2020-05-30,2.6104079548,2.5927024184,2.667615857,2.5897470715
EOS,2020-05-31,2.7721687652,2.6164293166,2.775916392,2.5984064684
EOS,2020-06-01,2.6692666867,2.7723458237,2.7759280381,2.6483090263
EOS,2020-06-02,2.8288187664,2.6702110465,2.8303799044,2.6619763014
EOS,2020-06-03,2.6720608192,2.8287158043,2.8923344706,2.5919918556
EOS,2020-06-04,2.6969270857,2.6720636005,2.7089736314,2.6344800761
EOS,2020-06-05,2.7226103677,2.6969362956,2.7481068417,2.6652002217
EOS,2020-06-06,2.8259078965,2.7226511085,2.8706182611,2.7090123791
EOS,2020-06-07,2.8015570465,2.8258654792,2.8465601696,2.7737479039
EOS,2020-06-08,2.80003027,2.8015570158,2.8275253792,2.7349212972
EOS,2020-06-09,2.7873423434,2.8000307453,2.8173054854,2.7535702845
EOS,2020-06-10,2.7595857202,2.7871054795,2.8005787936,2.6917919644
EOS,2020-06-11,2.7580400729,2.7595480303,2.7825732166,2.7116918075
EOS,2020-06-12,2.506425834,2.757974874,2.7748944952,2.433572696
EOS,2020-06-13,2.5895641372,2.5063576287,2.6245962136,2.4869371962
EOS,2020-06-14,2.6027208202,2.5895769168,2.6187860915,2.5535360128
EOS,2020-06-15,2.5725122367,2.6027208206,2.6074166863,2.5266208791
EOS,2020-06-16,2.5366090969,2.5724895913,2.5725874337,2.421789085
EOS,2020-06-17,2.5493308966,2.5366300784,2.5629681979,2.5227143199
EOS,2020-06-18,2.5710321034,2.5493293368,2.6054847312,2.5162983109
EOS,2020-06-19,2.5380158339,2.5710240312,2.5734646212,2.4973477378
EOS,2020-06-20,2.5204160691,2.5380211451,2.5501697779,2.5005798765
EOS,2020-06-21,2.5325284469,2.5202718523,2.5568851684,2.4334869403
EOS,2020-06-22,2.5118765744,2.5325270102,2.5518495175,2.5088020428
EOS,2020-06-23,2.5853677009,2.512300998,2.6033971439,2.5090214322
EOS,2020-06-24,2.5674587307,2.5853859466,2.5969031067,2.5571755532
EOS,2020-06-25,2.5034553065,2.5674587307,2.5975283228,2.45635902
EOS,2020-06-26,2.4795201376,2.5034496634,2.5273779874,2.4324377363
EOS,2020-06-27,2.4839856044,2.4795257671,2.5133156085,2.3898308183
EOS,2020-06-28,2.3393342161,2.483982126,2.4840216682,2.1995956301
EOS,2020-06-29,2.3625133247,2.3393322712,2.4007165806,2.3049166475
EOS,2020-06-30,2.385759134,2.3625285072,2.413012953,2.3239850373
EOS,2020-07-01,2.3734133623,2.385751894,2.3875608205,2.3426906225
EOS,2020-07-02,2.3794615906,2.3686363721,2.4044824184,2.3564329563
EOS,2020-07-03,2.3569045465,2.3796934503,2.3880234838,2.3055054174
EOS,2020-07-04,2.4217380312,2.3603986253,2.4546818002,2.3519034508
EOS,2020-07-05,2.4555826465,2.4178442586,2.4963383185,2.412568858
EOS,2020-07-06,2.3904133313,2.4612378418,2.4718500138,2.3249629796
EOS,2020-07-07,2.5752760494,2.4092500187,2.6077669625,2.4014844616
EOS,2020-07-08,2.5492110779,2.6109286841,2.6263376691,2.5264663344
EOS,2020-07-09,2.7007801087,2.5605844203,2.7011623093,2.5425991595
EOS,2020-07-10,2.647682583,2.6827902506,2.7281424218,2.5834938989
EOS,2020-07-11,2.6147725205,2.6513001812,2.6515922482,2.5764065564
EOS,2020-07-12,2.6181052576,2.62330093,2.6415707519,2.5923336689
EOS,2020-07-13,2.611321654,2.6221527949,2.6596278008,2.5667342956
EOS,2020-07-14,2.5495893307,2.6190176795,2.646904412,2.4539289767
EOS,2020-07-15,2.5614539966,2.5529292508,2.5771515825,2.5050131403
EOS,2020-07-16,2.5337218909,2.5611020728,2.5676318791,2.5138131557
EOS,2020-07-17,2.5011551912,2.5351093387,2.5563333427,2.4347616083
EOS,2020-07-18,2.4973767798,2.4995339771,2.5214334742,2.4733014229
EOS,2020-07-19,2.507045437,2.4960837201,2.5225701811,2.4817237409
EOS,2020-07-20,2.5847547386,2.5060976109,2.6130865304,2.4723589342
EOS,2020-07-21,2.5597957482,2.5855240463,2.6135001011,2.5382272456
EOS,2020-07-22,2.6199847151,2.5637550982,2.6340977675,2.5569598833
EOS,2020-07-23,2.6540203441,2.6259837954,2.6618166961,2.5845380101
EOS,2020-07-24,2.6644920497,2.6623624831,2.6933172479,2.6310611441
EOS,2020-07-25,2.6079279975,2.6565704662,2.6573683032,2.5730672917
EOS,2020-07-26,2.7282082473,2.599808561,2.7489524986,2.5976666723
EOS,2020-07-27,2.7186942136,2.7327869421,2.8047921519,2.683151443
EOS,2020-07-28,2.9151650246,2.7140933311,2.9291210254,2.6455434955
EOS,2020-07-29,3.0170388578,2.8520123196,3.0819371952,2.7796984225
EOS,2020-07-30,3.090019918,3.0003559791,3.1481653094,2.959914323
EOS,2020-07-31,3.0695557198,3.0282751859,3.1038375697,2.9581434997
EOS,2020-08-01,3.0950567566,3.05121968,3.1470732048,3.0144158288
EOS,2020-08-02,3.2908006935,3.0978800804,3.328325278,3.0757881649
EOS,2020-08-03,2.9711032839,3.3093496377,3.492553634,2.5949370583
EOS,2020-08-04,3.0501526674,2.9445964391,3.1262369144,2.9072749508
EOS,2020-08-05,3.0521715194,3.0487109375,3.0949913249,2.9682172959
EOS,2020-08-06,3.0370970941,3.0374784496,3.1023456483,3.0056566333
EOS,2020-08-07,3.096639016,3.0579126532,3.1865316787,3.0033857557
EOS,2020-08-08,3.0326913911,3.0940512896,3.2559060301,2.7820924664
EOS,2020-08-09,3.0398910626,3.0138800867,3.0920331662,2.9796524416
EOS,2020-08-10,3.0149774988,3.0665699385,3.0851947242,2.9346157764
EOS,2020-08-11,3.2682480699,3.0299405914,3.2987046197,3.0009822822
EOS,2020-08-12,2.9741324503,3.2406421703,3.298229035,2.8780272123
EOS,2020-08-13,3.0215252007,3.0068742843,3.0513222705,2.8925288199
EOS,2020-08-14,3.1431793767,3.0269920515,3.1477020251,2.9213244941
EOS,2020-08-15,3.2602084307,3.139036558,3.2987363865,3.0881201358
EOS,2020-08-16,3.7502803511,3.2665696114,3.8510577347,3.2665696114
EOS,2020-08-17,3.8596205292,3.7244863768,3.9483078338,3.5130777466
EOS,2020-08-18,3.8659769334,3.8814363143,3.9214470159,3.6791623008
EOS,2020-08-19,3.6535397894,3.7803696616,3.8203790169,3.5196084701
EOS,2020-08-20,3.3343465792,3.5792177882,3.6327012446,3.2223471502
EOS,2020-08-21,3.4142677414,3.3523787349,3.4626990153,3.3517863371
EOS,2020-08-22,3.3210588282,3.4458211518,3.6261239704,3.228400128
EOS,2020-08-23,3.3437315152,3.2544036982,3.3583494504,3.1725296046
EOS,2020-08-24,3.3266710071,3.365728351,3.3882549244,3.2331913507
EOS,2020-08-25,3.3863207176,3.3248066512,3.4247019351,3.2899431901
EOS,2020-08-26,3.1377831077,3.3879805475,3.3948887076,3.0147900394
EOS,2020-08-27,3.1146904562,3.1244769259,3.1707579202,3.0658789762
EOS,2020-08-28,2.9541370885,3.1196347134,3.1492019025,2.863037225
EOS,2020-08-29,3.0874744809,2.9821671831,3.1763560853,2.9429693606
EOS,2020-08-30,3.1485259298,3.1196392772,3.2092283715,3.0890029418
EOS,2020-08-31,3.2224167022,3.1303877021,3.2491172925,3.1296777436
EOS,2020-09-01,3.2194723173,3.2617934774,3.2965371734,3.1976369923
EOS,2020-09-02,3.5068084996,3.2102036381,3.551350437,3.1568098056
EOS,2020-09-03,3.1102317871,3.4701811001,3.4995638605,2.9038454525
EOS,2020-09-04,2.8898379177,3.1073453505,3.1616857523,2.8213472608
EOS,2020-09-05,3.0351115631,2.6222009367,3.2449442744,2.5906822056
EOS,2020-09-06,2.8910888514,3.0002149235,3.1424475798,2.7819223248
EOS,2020-09-07,2.8790380683,2.9403008915,3.0313248685,2.8178308883
EOS,2020-09-08,2.8658230473,2.905220722,2.9397755018,2.6652900371
EOS,2020-09-09,2.7119891077,2.8540002536,2.8611728171,2.6762585701
EOS,2020-09-10,2.7724620173,2.7650613941,2.8108478005,2.6991681741
EOS,2020-09-11,2.7753335427,2.7534558228,2.8431042104,2.7450109547
EOS,2020-09-12,2.7819854092,2.7787112622,2.8221739247,2.722004716
EOS,2020-09-13,2.8053141147,2.7880810259,2.8301675433,2.7455598048
EOS,2020-09-14,2.7223176578,2.8073469042,2.8272229296,2.6808714567
EOS,2020-09-15,2.735728405,2.7259073383,2.7680617434,2.6923573171
EOS,2020-09-16,2.7177517984,2.7342216208,2.7817049793,2.7031612942
EOS,2020-09-17,2.7288948604,2.7056573246,2.7468103971,2.5892803576
EOS,2020-09-18,2.7340956743,2.7162496717,2.7728342361,2.70456164
EOS,2020-09-19,2.6903004856,2.7394838498,2.7517902634,2.654730869
EOS,2020-09-20,2.6910890012,2.6921220111,2.7371978681,2.6819830183
EOS,2020-09-21,2.6546642205,2.7042902782,2.7042902782,2.6255922637
EOS,2020-09-22,2.5372667702,2.6724791877,2.6875537843,2.4951837413
EOS,2020-09-23,2.5709834216,2.5070231343,2.5854775414,2.4913309741
EOS,2020-09-24,2.4375193704,2.5733631689,2.5814805701,2.4170254623
EOS,2020-09-25,2.5270912386,2.4415308664,2.5596637566,2.424820112
EOS,2020-09-26,2.5599683025,2.5338265441,2.5613692612,2.4700527339
EOS,2020-09-27,2.5720707462,2.5453220293,2.6061030635,2.5080017224
EOS,2020-09-28,2.5821459608,2.5672214876,2.6005160379,2.527487611
EOS,2020-09-29,2.5984206411,2.589578452,2.6337106413,2.5792075217
EOS,2020-09-30,2.5943312358,2.5615218619,2.5971963883,2.5529341954
EOS,2020-10-01,2.573491688,2.6001160812,2.6005579116,2.5557921671
EOS,2020-10-02,2.5400537276,2.5783342807,2.6209385234,2.4942536167
EOS,2020-10-03,2.4755035346,2.5457707897,2.5576130883,2.4171337485
EOS,2020-10-04,2.4869960996,2.4807567218,2.505168076,2.4705368692
EOS,2020-10-05,2.5161211106,2.4824788654,2.533720718,2.4689360284
EOS,2020-10-06,2.5207011705,2.5187785113,2.5374771166,2.4918336464
EOS,2020-10-07,2.6834452859,2.5266055411,2.9686812717,2.486019012
EOS,2020-10-08,2.6342717318,2.6946584508,2.7158234592,2.5951065351
EOS,2020-10-09,2.6131190186,2.6438099592,2.6527800485,2.5014070836
EOS,2020-10-10,2.6386345918,2.6084012013,2.6583461389,2.5827521645
EOS,2020-10-11,2.6660970954,2.6426481711,2.7185865589,2.6420733811
EOS,2020-10-12,2.6471850538,2.6409764644,2.6859098936,2.6169515135
EOS,2020-10-13,2.6719607092,2.6584736824,2.6835813518,2.6124605593
EOS,2020-10-14,2.6466338246,2.6434694703,2.6678484426,2.6168753544
EOS,2020-10-15,2.6013234189,2.6408144115,2.6538112367,2.5847985723
EOS,2020-10-16,2.5987223824,2.6102749161,2.6310006527,2.5862147087
EOS,2020-10-17,2.5438761964,2.6004276317,2.6107449858,2.4978958513
EOS,2020-10-18,2.5221191507,2.5388988837,2.5488819187,2.5109835624
EOS,2020-10-19,2.5413062763,2.523423526,2.5511371435,2.5197611556
EOS,2020-10-20,2.5841260688,2.5482782137,2.6114624249,2.5265623262
EOS,2020-10-21,2.5184315715,2.582351967,2.5848765479,2.5034469808
EOS,2020-10-22,2.6433534346,2.5283646219,2.6485306636,2.5236434616
EOS,2020-10-23,2.6947288737,2.6087850159,2.70614767,2.6075245572
EOS,2020-10-24,2.6413736846,2.6712282149,2.6855023181,2.6005053995
EOS,2020-10-25,2.6535754661,2.6402235662,2.6743710039,2.6152885723
EOS,2020-10-26,2.6966655275,2.6599014804,2.7417027474,2.6189327505
EOS,2020-10-27,2.6393542706,2.7093342526,2.7499186897,2.6033370136
EOS,2020-10-28,2.6663413467,2.6321224191,2.6983020798,2.6300720355
EOS,2020-10-29,2.6545705782,2.6747301483,2.7540736853,2.6211583092
EOS,2020-10-30,2.6287800391,2.6540760892,2.6804382262,2.6060833714
EOS,2020-10-31,2.5128041422,2.6399749695,2.647763767,2.4127721666
EOS,2020-11-01,2.5359459759,2.5100605497,2.5596695641,2.4989290947
EOS,2020-11-02,2.5165924751,2.5307544418,2.5434816226,2.4868880931
EOS,2020-11-03,2.4373745247,2.520020587,2.5504276035,2.4141468275
EOS,2020-11-04,2.3684692695,2.4351259498,2.4430086858,2.2368038131
EOS,2020-11-05,2.3630783187,2.3646191117,2.3756042157,2.3030903917
EOS,2020-11-06,2.4589520413,2.3529871956,2.4900838259,2.3521083071
EOS,2020-11-07,2.5335173203,2.4484774951,2.5362746352,2.440539364
EOS,2020-11-08,2.5050508077,2.5388549515,2.6267856005,2.4429140148
EOS,2020-11-09,2.5381822593,2.4972305349,2.563434535,2.483871153
EOS,2020-11-10,2.4977048879,2.5378076436,2.5570000264,2.4638458784
EOS,2020-11-11,2.5103197363,2.4981110606,2.5292575355,2.4794272031
EOS,2020-11-12,2.5150394904,2.5017696832,2.5393706697,2.4946322428
EOS,2020-11-13,2.4692722573,2.5005891041,2.5037204657,2.4380918804
EOS,2020-11-14,2.6080233509,2.4646317379,2.6414198441,2.4578264986
EOS,2020-11-15,2.5297287371,2.5987255549,2.609508348,2.4973095942
EOS,2020-11-16,2.4936336916,2.5367354026,2.547058729,2.4709062415
EOS,2020-11-17,2.5770490902,2.498324836,2.6069871526,2.4875688353
EOS,2020-11-18,2.7046458728,2.5838877645,2.7555180609,2.5776322742
EOS,2020-11-19,2.6204751266,2.7174584643,2.7323725542,2.5401715046
EOS,2020-11-20,2.6448542292,2.6381902626,2.6999407944,2.5608734738
EOS,2020-11-21,2.7726284494,2.638189472,2.8292567165,2.636172627
EOS,2020-11-22,3.1370628532,2.7802952951,3.2332985699,2.6949627425
EOS,2020-11-23,3.1407934048,3.2256371097,3.2965415415,2.9593291537
EOS,2020-11-24,3.3670246823,3.0595953518,3.392735884,2.9931723946
EOS,2020-11-25,3.5530445175,3.3784868144,3.7301052486,3.332791657
EOS,2020-11-26,3.4642108659,3.5965296594,3.8811414884,3.3758456955
EOS,2020-11-27,2.9539705916,3.4257091369,3.5290664087,2.7124416671
EOS,2020-11-28,2.8383030514,2.9574817024,3.0325972441,2.7592002454
EOS,2020-11-29,3.0074291866,2.8770463322,3.0757600944,2.8279358745
EOS,2020-11-30,3.0099969775,3.0013644,3.1012788484,2.9076995232
EOS,2020-12-01,3.2368736313,3.0343136653,3.2802739727,2.9993738198
EOS,2020-12-02,3.0405740098,3.259577734,3.3360424901,2.9318359973
EOS,2020-12-03,3.0581987247,2.9989437773,3.0869637281,2.9667770977
EOS,2020-12-04,3.075247103,3.0590570715,3.1363679199,3.0142219402
EOS,2020-12-05,2.9254049539,3.0827343894,3.1510844192,2.9239260993
EOS,2020-12-06,2.9766638795,2.8484660127,2.9909190131,2.8225592807
EOS,2020-12-07,2.9533933173,3.0106550217,3.0338635206,2.9128404238
EOS,2020-12-08,2.9412037888,2.9983522694,3.009807888,2.9097461415
EOS,2020-12-09,2.8104358644,2.950004135,2.9605569025,2.7982286581
EOS,2020-12-10,2.8144024598,2.8012668223,2.8354341434,2.6621529657
EOS,2020-12-11,2.7548076975,2.8112830682,2.8158141436,2.7003475465
EOS,2020-12-12,2.7259339012,2.7414726097,2.7490035703,2.6487216362
EOS,2020-12-13,2.7825132878,2.6950077308,2.78807276,2.6797878582
EOS,2020-12-14,2.8422421784,2.7694482606,2.8974501362,2.7544321515
EOS,2020-12-15,2.847629886,2.8485605401,2.8626703686,2.8009186817
EOS,2020-12-16,2.8670152806,2.8453496233,2.9017772142,2.807882133
EOS,2020-12-17,3.0697875677,2.8620718668,3.080741458,2.8181387293
EOS,2020-12-18,3.0670040042,3.104245785,3.2556111799,2.9768579357
EOS,2020-12-19,3.053591214,3.0424777555,3.1293880405,2.9853793554
EOS,2020-12-20,3.0838079764,3.0622298516,3.1202198474,3.0420848495
EOS,2020-12-21,3.1205820743,3.0538658513,3.3308000987,3.0027949805
EOS,2020-12-22,2.9644282875,3.1361503383,3.2590495546,2.9043472607
EOS,2020-12-23,2.8287044746,2.9289864953,2.9529514408,2.7743926518
EOS,2020-12-24,2.2494191526,2.8955834193,2.911299353,1.9944229948
EOS,2020-12-25,2.5630464385,2.3133979933,2.6568118428,2.252899442
EOS,2020-12-26,2.634168773,2.6679529337,2.739747301,2.5430577556
EOS,2020-12-27,2.5879790381,2.665989442,2.6938317025,2.5259837535
EOS,2020-12-28,2.7110171572,2.6075823425,2.8642881651,2.4742664545
EOS,2020-12-29,2.7513029591,2.7110537227,2.879621401,2.6802793322
EOS,2020-12-30,2.6172956775,2.7600109879,2.7875581869,2.502993576
EOS,2020-12-31,2.6075345191,2.6355386537,2.6644099394,2.5392588784
EOS,2021-01-01,2.5928629134,2.6123184988,2.6530259586,2.5127532658
EOS,2021-01-02,2.6189491293,2.5915944889,2.7318167954,2.5700263748
EOS,2021-01-03,2.607688164,2.6392895395,2.7167899111,2.5467694589
EOS,2021-01-04,2.7418842588,2.6216143076,2.821998874,2.5683912167
EOS,2021-01-05,2.7660042407,2.7760492433,3.0901680328,2.6117116032
EOS,2021-01-06,2.9225943682,2.8176377441,2.9343816476,2.7180360584
EOS,2021-01-07,3.3651407493,2.8916426794,3.4568132112,2.8522135233
EOS,2021-01-08,3.2645376537,3.3734941772,3.4526832972,3.1073651394
EOS,2021-01-09,3.0946294261,3.1924536898,3.2448042885,2.9153969169
EOS,2021-01-10,3.5545481034,3.105204968,3.7361531772,3.0119879678
EOS,2021-01-11,3.1197442563,3.6119484215,3.9067983153,2.847870358
EOS,2021-01-12,2.6060398928,3.0568674983,3.0649088197,2.3876849257
EOS,2021-01-13,2.6065821277,2.6685414371,2.770183592,2.5318136019
EOS,2021-01-14,2.7643270519,2.5985371783,2.9376941897,2.5290392588
EOS,2021-01-15,2.7468286538,2.7678259341,2.8535553644,2.6943131094
EOS,2021-01-16,2.7701922087,2.8057745236,2.9337028301,2.5807591321
EOS,2021-01-17,2.7836520872,2.7577107923,2.8833550712,2.7071445153
EOS,2021-01-18,2.7963204939,2.7778150535,2.8032169478,2.6830537517
EOS,2021-01-19,2.7821258407,2.766672218,2.8344837579,2.7066372882
EOS,2021-01-20,2.842307481,2.8150516685,2.9298669781,2.7949697517
EOS,2021-01-21,2.7588219187,2.7903407184,2.8236941526,2.6597855596
EOS,2021-01-22,2.5285346309,2.7773245108,2.7832570956,2.497359273
EOS,2021-01-23,2.6444175667,2.5443770788,2.6809231737,2.4333936314
EOS,2021-01-24,2.6918866829,2.6252643098,2.7849855883,2.5796621006
EOS,2021-01-25,2.7101171976,2.7050927216,2.7762880309,2.6519615443
EOS,2021-01-26,2.6588325839,2.7175963229,2.7697447972,2.6330573264
EOS,2021-01-27,2.6254425284,2.6490119991,2.6738656023,2.5654793359
EOS,2021-01-28,2.5132974565,2.6306965643,2.6308831819,2.4742424721
EOS,2021-01-29,2.7401230818,2.5061146622,2.7975725293,2.482069104
EOS,2021-01-30,2.75150441,2.7129874817,2.9055455981,2.6529052583
EOS,2021-01-31,2.9386843657,2.7255772967,3.1016319938,2.6903965874
EOS,2021-02-01,2.9070201818,2.9342170692,3.0772527953,2.8101671271
EOS,2021-02-02,3.0438252252,2.9335666427,3.2602544949,2.8976986094
EOS,2021-02-03,3.0217161653,3.0576658496,3.0782529918,2.9596201558
EOS,2021-02-04,3.0749352069,3.0023388358,3.1428567635,2.9902963458
EOS,2021-02-05,3.0549639669,3.0685048674,3.1373540087,2.9874725029
EOS,2021-02-06,3.3722801182,3.0244580213,3.3788132571,3.0145237973
EOS,2021-02-07,3.2543006909,3.3141318518,3.3252149476,3.1657745678
EOS,2021-02-08,3.4136875104,3.213878542,3.5947189135,3.0521314793
EOS,2021-02-09,3.5350001275,3.4426625401,3.5928340209,3.3530344917
EOS,2021-02-10,4.1872387202,3.5992236603,4.3115856349,3.4899796258
EOS,2021-02-11,4.1064509718,4.1705800225,4.5377684477,3.6698886714
EOS,2021-02-12,4.5452026596,4.1315757474,4.6736682147,4.0109866919
EOS,2021-02-13,4.766279185,4.5858864594,4.8438778526,4.2427085474
EOS,2021-02-14,5.3491959479,4.7578960542,5.4335704142,4.5082751155
EOS,2021-02-15,5.1884190411,5.5622754893,5.6026593182,4.8803780883
EOS,2021-02-16,4.7949287821,5.0726860764,5.2398444886,4.1578620894
EOS,2021-02-17,4.5949745318,4.7147504429,4.9701363305,4.4245887582
EOS,2021-02-18,4.7485911021,4.6484077395,4.8891538299,4.430671302
EOS,2021-02-19,4.8775262224,4.8434699405,4.985691558,4.6669697949
EOS,2021-02-20,5.1931929505,4.8181832819,5.3728477558,4.6578192608
EOS,2021-02-21,4.6248732093,5.2279634201,5.4355041064,4.5302254759
EOS,2021-02-22,5.0553385909,4.8417852658,5.3673643001,4.7337167618
EOS,2021-02-23,4.711882125,5.1024572022,5.3003285763,4.1368668679
EOS,2021-02-24,3.7392787804,4.6898739446,4.7189851338,3.1984419542
EOS,2021-02-25,3.8413983704,3.8515370132,4.1399641211,3.6802954977
EOS,2021-02-26,3.8104787239,3.8951303775,4.0950732675,3.7530265637
EOS,2021-02-27,3.514882816,3.6718493879,3.7714067489,3.404860972
EOS,2021-02-28,3.7448596162,3.5496583634,3.8389307867,3.5442022924
EOS,2021-03-01,3.4698839309,3.6789625199,3.7041993884,3.2549702751
EOS,2021-03-02,3.6759888183,3.4816488662,3.7616841505,3.4575157669
EOS,2021-03-03,3.5989067406,3.7077356173,3.8502194823,3.5674762321
EOS,2021-03-04,3.8751538978,3.6755505152,4.0651101688,3.6487468744
EOS,2021-03-05,3.740060155,3.8312603465,3.9237859745,3.6501139701
EOS,2021-03-06,3.7223334053,3.7515946665,3.757453936,3.5639626665
EOS,2021-03-07,3.7372717803,3.6949311771,3.7737693752,3.6022448757
EOS,2021-03-08,3.781343405,3.7222849744,3.8017939289,3.7168386873
EOS,2021-03-09,3.8482303048,3.8304782404,3.9239508028,3.7391789934
EOS,2021-03-10,4.1426890658,3.8983515535,4.1655697256,3.8584064058
EOS,2021-03-11,4.065337857,4.1701257915,4.1907991406,3.906099958
EOS,2021-03-12,3.9680462604,3.9941892033,4.0495795306,3.8140363983
EOS,2021-03-13,3.7995417022,3.9553225016,3.9932403488,3.6791770496
EOS,2021-03-14,4.2712724443,3.7826693876,4.2798090926,3.6812790008
EOS,2021-03-15,4.0378522985,4.2676230775,4.365451372,3.9989071483
EOS,2021-03-16,3.8182766407,3.9265933542,4.0304500662,3.7223636398
EOS,2021-03-17,4.0380222509,3.8192245616,4.1242211782,3.6753550077
EOS,2021-03-18,4.0369833718,4.0658915004,4.0719901984,3.8589958907
EOS,2021-03-19,4.1776534812,4.0836148871,4.3223688185,4.0642835906
EOS,2021-03-20,4.208125645,4.1452729159,4.2680825104,4.0321383849
EOS,2021-03-21,4.4813235003,4.144562879,4.5036180575,4.1314180057
EOS,2021-03-22,4.1931986961,4.3316351002,4.4201788211,4.1242218936
EOS,2021-03-23,4.0972506402,4.1557712964,4.3489805135,4.0037218685
EOS,2021-03-24,4.1261271006,4.083284805,4.266421672,4.0408567709
EOS,2021-03-25,3.6956990027,4.091919102,4.3074542592,3.4639448825
EOS,2021-03-26,3.7029746047,3.6963888657,3.7804577194,3.5352222696
EOS,2021-03-27,4.0995972105,3.6774167508,4.1947419028,3.6737903324
EOS,2021-03-28,4.1014409479,4.1862698492,4.2018215509,3.9804755604
EOS,2021-03-29,4.0877076374,4.0917016926,4.2158606328,4.035739477
EOS,2021-03-30,4.2358076557,4.1103253748,4.3116924655,4.0651231278
EOS,2021-03-31,4.3424194082,4.2775223352,4.4061149169,4.2117615171
EOS,2021-04-01,4.8350349917,4.3423283861,4.8567558199,4.0729055287
EOS,2021-04-02,5.4988569062,4.8026137048,5.9749042586,4.7109499766
EOS,2021-04-03,6.1907258547,5.5918234721,6.3498214678,5.3880995273
EOS,2021-04-04,5.3909716387,6.2539096077,6.4791585117,5.2188619338
EOS,2021-04-05,6.1694232368,5.4173848898,6.2159598047,5.3409943595
EOS,2021-04-06,6.7304885052,6.2830695141,6.9862337049,5.8420954543
EOS,2021-04-07,6.6150926067,6.6975974058,7.0863185732,6.2018329929
EOS,2021-04-08,6.0381058964,6.6459379168,7.052881584,5.7350375007
EOS,2021-04-09,6.4257462001,5.8849842012,6.4676566302,5.8103396715
EOS,2021-04-10,6.2411788034,6.4443940797,6.5942832186,6.0801972792
EOS,2021-04-11,6.5121595893,6.2088250804,6.7481662996,6.1538178041
EOS,2021-04-12,6.7127229664,6.6132059619,7.0565476807,6.552890132
EOS,2021-04-13,6.4871899119,6.729516582,6.8502688725,6.297980447
EOS,2021-04-14,7.2706301276,6.4759195453,7.5447063466,6.4180942523
EOS,2021-04-15,7.7132341267,7.3816805436,8.0793940409,7.0537867627
EOS,2021-04-16,7.8782650587,7.6652475843,7.927601168,7.2879046982
EOS,2021-04-17,8.5869657101,7.8921768032,8.6410536582,7.0775093967
EOS,2021-04-18,8.0490157672,8.5090706312,8.8425444066,7.6139560079
EOS,2021-04-19,7.2125050157,7.7991284067,7.9519124043,5.9478480202
EOS,2021-04-20,6.8636599537,7.3013476685,7.5094491999,6.4991179946
EOS,2021-04-21,6.6793392867,6.6094229124,6.8583309885,6.0950392238
EOS,2021-04-22,6.4105899461,6.7017079433,6.856193154,6.258520353
EOS,2021-04-23,5.9537547821,6.320406313,6.7990034263,5.6000440323
EOS,2021-04-24,5.4074600769,5.8625322746,5.9969953482,4.4845049441
EOS,2021-04-25,5.2231398861,5.5841708478,5.6040928655,5.0461594904
EOS,2021-04-26,4.9294314396,5.0988599271,5.4719264796,4.6254587195
EOS,2021-04-27,5.6816726697,5.0052423008,5.7836648161,4.9322792155
EOS,2021-04-28,6.0469557083,5.8684227936,6.111511442,5.7546000023
EOS,2021-04-29,5.90752557,6.068239843,6.2283722855,5.6967881831
EOS,2021-04-30,5.8547613343,5.9592564085,6.0559622407,5.6173781503
EOS,2021-05-01,6.4006557899,5.9021462466,6.445560974,5.7918324281
EOS,2021-05-02,6.544607842,6.4533810354,6.6048040794,6.2894751472
EOS,2021-05-03,6.4793893294,6.6149998624,6.6967620287,6.1870066798
EOS,2021-05-04,6.7731333844,6.5320209344,6.8975371652,6.5272118478
EOS,2021-05-05,6.4181897656,6.8120437064,7.0885624913,6.2863994885
EOS,2021-05-06,8.6090551221,6.3469750823,8.8370896679,6.2160920327
EOS,2021-05-07,11.5432364127,8.7270470917,12.5622883164,8.4301149837
EOS,2021-05-08,9.7030337183,11.4747005882,12.873413268,9.6371362058
EOS,2021-05-09,10.4510511071,10.3870672705,11.2196635743,9.6276851626
EOS,2021-05-10,10.1458504033,10.3579018405,11.1100086637,9.1317369871
EOS,2021-05-11,9.3877241887,10.5337367889,11.0006088703,8.2702280723
EOS,2021-05-12,12.9549481032,9.2795197685,14.1105965796,8.7957987118
EOS,2021-05-13,11.441678602,14.5322538399,14.9152943502,11.0589703043
EOS,2021-05-14,10.3793429987,10.3745361982,11.6514591025,9.4513219394
EOS,2021-05-15,11.2554575151,10.6152284986,11.6805812158,10.5204257934
EOS,2021-05-16,10.480806321,11.1700925196,11.9375281369,10.1281900781
EOS,2021-05-17,9.9401508011,10.2459042707,11.1855911346,9.4206573595
EOS,2021-05-18,8.9744048304,10.110528957,10.1300056075,8.6191266797
EOS,2021-05-19,9.4465184948,9.144754175,10.0031550341,8.9706832375
EOS,2021-05-20,6.3903980193,9.3367432779,9.4884537647,4.2343783662
EOS,2021-05-21,6.4543698212,5.704051321,7.0269158584,5.232299592
EOS,2021-05-22,5.4515641832,6.6710073955,6.9295364051,4.8504373607
EOS,2021-05-23,5.1437105724,5.570864474,5.6620692052,4.9111973101
EOS,2021-05-24,4.2561221586,5.1098345125,5.3262287573,3.5829561204
EOS,2021-05-25,5.3167833345,4.2985767411,5.5503682917,4.1942291569
EOS,2021-05-26,5.5122193481,5.6527801962,6.0090365975,5.0648519836
EOS,2021-05-27,6.2751233659,5.7007560661,6.5115939976,5.5571385643
EOS,2021-05-28,7.1388611005,6.4422085378,7.6649391027,6.1164780073
EOS,2021-05-29,5.9411966122,7.0268487338,7.0732115604,5.8475256216
EOS,2021-05-30,5.9860831589,6.1173731675,6.8145001187,5.7534594718
EOS,2021-05-31,6.0527821455,6.0302241627,6.3787837942,5.5474487001
EOS,2021-06-01,6.359408428,6.0409897391,6.4219593161,5.7465223837
EOS,2021-06-02,6.2405004841,6.6335627964,6.7601754797,6.0782789655
EOS,2021-06-03,6.3071713526,6.305081845,6.5468011979,6.1263085923
EOS,2021-06-04,6.5125410236,6.3752047378,6.6983114429,6.2295867918
EOS,2021-06-05,6.0938500612,6.5346448627,6.5432538073,5.7844147712
EOS,2021-06-06,5.7021782687,6.0204542388,6.22905296,5.6447593784
EOS,2021-06-07,5.7471410254,5.7818348775,5.9545903348,5.7186218409
EOS,2021-06-08,5.228855884,5.8486643833,5.9642538146,5.0879313465
EOS,2021-06-09,5.0626367942,5.191859692,5.2570719051,4.5111705187
EOS,2021-06-10,5.2495879907,5.0552613541,5.3844674989,4.7780639913
EOS,2021-06-11,5.0861291019,5.3411851654,5.4714764618,4.9299182684
EOS,2021-06-12,4.9646230857,5.080822239,5.3861775427,4.868087242
EOS,2021-06-13,4.8395048589,4.9159996577,4.9159996577,4.593424697
EOS,2021-06-14,5.0942853972,4.8315636163,5.1109255714,4.665327832
EOS,2021-06-15,5.2178416109,5.0870906195,5.3225291668,4.9543779917
EOS,2021-06-16,5.2002159323,5.2997428212,5.3967365469,5.120231832
EOS,2021-06-17,4.9038336961,5.1839147599,5.2338960472,4.839652887
EOS,2021-06-18,4.8112247727,4.8638767629,5.0807791826,4.7565033874
EOS,2021-06-19,4.5227809986,4.8735141313,4.8916817698,4.4225145994
EOS,2021-06-20,4.5059525545,4.5680172328,4.7057635711,4.4781773762
EOS,2021-06-21,4.5218059198,4.46430344,4.5309253282,4.1089662658
EOS,2021-06-22,3.593491966,4.5075637067,4.5224486861,3.5890757332
EOS,2021-06-23,3.3954931567,3.5176909754,3.7618679737,3.0666241815
EOS,2021-06-24,3.6077967947,3.3884928282,3.8029351129,3.2548251444
EOS,2021-06-25,3.8736700798,3.673094863,3.9271746753,3.5208512657
EOS,2021-06-26,3.5646281926,3.9220856654,4.0216444581,3.5265301782
EOS,2021-06-27,3.5028784776,3.5360273502,3.6567371366,3.3539338179
EOS,2021-06-28,3.6750199223,3.5711586143,3.6833317413,3.4900766291
EOS,2021-06-29,3.846217546,3.77588063,3.9445645688,3.6901780015
EOS,2021-06-30,4.1013527141,3.8498483596,4.2543280893,3.8404353802
EOS,2021-07-01,4.0850027816,4.1277077477,4.2991556388,3.8409626208
EOS,2021-07-02,3.9665712298,4.1392971917,4.2080434212,3.8558100508
EOS,2021-07-03,3.8796544469,3.9245891918,4.0027083393,3.746114027
EOS,2021-07-04,4.0146512666,3.9230689603,4.0604472266,3.8582785924
EOS,2021-07-05,4.1413035374,4.0498935421,4.1830429918,3.9508469704
EOS,2021-07-06,3.8775165576,4.0611491603,4.0611686371,3.7689266427
EOS,2021-07-07,3.8530691376,3.8117789438,4.0008934293,3.7856144898
EOS,2021-07-08,3.8761422629,3.8772055686,3.9800057363,3.8385002183
EOS,2021-07-09,3.5678917354,3.8264448826,3.8400383024,3.5621301502
EOS,2021-07-10,4.2133372152,3.5958076098,4.304112432,3.4573174562
EOS,2021-07-11,3.9624481064,4.2176392199,4.4177701491,3.874040201
EOS,2021-07-12,4.1055709157,3.9654077937,4.1747149097,3.836103743
EOS,2021-07-13,4.1762280565,4.077105037,4.3772858055,4.0426391816
EOS,2021-07-14,3.8685504468,4.1882909328,4.2091139171,3.7895353498
EOS,2021-07-15,3.8411277513,3.8901449946,3.9262514227,3.5982489287
EOS,2021-07-16,3.6760789031,3.7987911856,3.9141155685,3.5627885119
EOS,2021-07-17,3.6841015823,3.6682904935,3.8359154556,3.5324822404
EOS,2021-07-18,3.7042784702,3.6537662735,3.7790919615,3.584718262
EOS,2021-07-19,3.6182994451,3.657221955,3.7739071356,3.5604532848
EOS,2021-07-20,3.4683242606,3.6355900963,3.6807326741,3.4040222923
EOS,2021-07-21,3.2666132766,3.4368254909,3.5432498498,3.1548309018
EOS,2021-07-22,3.4776434035,3.2617309823,3.5704583156,3.2096616925
EOS,2021-07-23,3.5390347161,3.5016178688,3.5797801944,3.427873905
EOS,2021-07-24,3.5630234994,3.5655899398,3.6605286345,3.4566990011
EOS,2021-07-25,3.6467367372,3.6349389316,3.7429124543,3.6148453743
EOS,2021-07-26,3.6159085919,3.6702033808,3.6976058658,3.5495830317
EOS,2021-07-27,3.6610026806,3.660735641,3.9973182851,3.6327583733
EOS,2021-07-28,3.7460103463,3.6811738679,3.7906210325,3.602777838
EOS,2021-07-29,3.8996372953,3.7590925431,4.0104227656,3.6941868669
EOS,2021-07-30,3.9139013968,3.9199873869,3.9240037698,3.8062610493
EOS,2021-07-31,4.0353287954,3.9673396859,4.0495972464,3.7901459846
EOS,2021-08-01,4.1106362919,4.0682061029,4.1961749755,4.0023350624
EOS,2021-08-02,4.0389063562,4.0699269574,4.232322276,4.0298807304
